cowcode,year,bmr_casename,bmr_country,qoa_con,qoa_exesel,qoa_exeterm,qoa_exextermcha,qoa_exesuc,qoa_rulcoa,qoa_electype,qoa_emb,qoa_electime,qoa_fpelec,qoa_legsel,qoa_legpar,qoa_sysparty,qoa_copfor,qoa_advcon,qoa_terror,qoa_highrep,qoa_lowrep,qoa_defect,qoa_killed,qoa_opppri,qoa_oppexit,qoa_opplaw,qoa_oppreg,qoa_oppcoop,qoa_elecbuy,qoa_elecint,qoa_elecpro,qoa_provio,qoa_cs,qoa_anti-cs,qoa_youth,qoa_youtharm,qoa_youthelec,qoa_veteran,qoa_veteranarm,qoa_veteranelec,qoa_auxgro,qoa_colinfo1,qoa_colinfo2,qoa_cen,qoa_intcen,qoa_troll,qoa_respond,qoa_anticorr,qoa_gongo,qoa_pubins,qoa_dmon,qoa_dmonfake,qoa_polcor,qoa_excor,qoa_pscor,qoa_milexp,qoa_taxrev,qoa_fdi,qoa_foraid,qoa_gdppc,qoa_inflation,qoa_unemploy,qoa_edu,qoa_health,qoa_hr,qoa_unhrc,qoa_unscr,qoa_sanctions,qoa_unscv,qoa_imon,_qoa_imonfake,qoa_parall,qoa_prfirm,qoa_think,qoa_radio,qoa_tv
835,1985,Brunei 85-NA,Brunei,0.33,0,1,-9,1,-9,-9,-9,-9,-9,0.5,0,0,0,0,0.75,0.12,0.43,1,-9,-9,-9,-9,-9,0,-9,-9,-9,-9,-9,0,1,0,-9,0,0,-9,0,0,0,-9,-9,0,-9,0.5,0,0,-9,-9,-9,-9,-9,1,-9,-9,-9,1,-9,-9,1,-9,0,0,1,1,-9,-9,-9,0,0,0,0,0
835,1986,Brunei 85-NA,Brunei,0.33,0,1,-9,1,-9,-9,-9,-9,-9,0.5,0,0,0,0,0.75,0.12,0.36,1,-9,-9,-9,-9,-9,0,-9,-9,-9,-9,-9,0,1,0,-9,0,0,-9,0,0,0,-9,-9,0,-9,0.5,0,0,-9,-9,-9,-9,-9,1,-9,-9,-9,0,-9,-9,1,-9,0,0,1,1,-9,-9,-9,0,0,0,0,0
835,1987,Brunei 85-NA,Brunei,0.33,0,1,-9,1,-9,-9,-9,-9,-9,0.5,0,0,0,0,0.75,0.12,0.36,1,-9,-9,-9,-9,-9,0,-9,-9,-9,-9,-9,0,1,0,-9,0,0,-9,0,0,0,-9,-9,0,-9,0.5,0,0,-9,-9,-9,-9,-9,0,-9,-9,-9,1,-9,-9,0,-9,0,0,1,1,-9,-9,-9,0,0,0,0,0
835,1988,Brunei 85-NA,Brunei,0.33,0,1,-9,1,-9,-9,-9,-9,-9,0.5,0,0,0,0,0.75,0.25,0.43,1,-9,-9,-9,-9,-9,0,-9,-9,-9,-9,-9,0,1,0,-9,0,0,-9,0,0,0,-9,-9,0,-9,0.5,0,0,-9,-9,-9,-9,-9,1,-9,-9,-9,0,-9,-9,0,-9,0,0,1,1,-9,-9,-9,0,0,0,0,0
835,1989,Brunei 85-NA,Brunei,0.33,0,1,-9,1,-9,-9,-9,-9,-9,0.5,0,0,0,0,0.75,0.25,0.43,1,-9,-9,-9,-9,-9,0,-9,-9,-9,-9,-9,0,1,0,-9,0,0,-9,0,0,0,-9,-9,0,-9,0.5,0,0,-9,-9,-9,-9,-9,0,-9,-9,1,1,-9,-9,0,-9,0,0,1,1,-9,-9,-9,0,0,0,0,0
835,1990,Brunei 85-NA,Brunei,0.33,0,1,-9,1,-9,-9,-9,-9,-9,0.5,0,0,0,0,0.87,0.25,0.28,1,-9,-9,-9,-9,-9,0,-9,-9,-9,-9,-9,0,1,0,-9,0,0,-9,0,0,0,-9,-9,0,-9,0.5,0,0,-9,-9,-9,-9,-9,1,-9,-9,0,1,-9,-9,1,-9,0,0,1,1,-9,-9,-9,0,0,0,0,0
835,1991,Brunei 85-NA,Brunei,0.33,0,1,-9,1,-9,-9,-9,-9,-9,0.5,0,0,0,0,1,0.25,0.28,1,-9,-9,-9,-9,-9,0,-9,-9,-9,-9,-9,0,1,0,-9,0,0,-9,0,0,0,-9,-9,0,-9,0.5,0,0,-9,-9,-9,-9,-9,1,-9,-9,0,1,-9,1,1,-9,0,0,1,1,-9,-9,-9,0,0,0,0,0
835,1992,Brunei 85-NA,Brunei,0.33,0,1,-9,1,-9,-9,-9,-9,-9,0.5,0,0,1,0,1,0.25,0.28,1,-9,-9,-9,-9,-9,0,-9,-9,-9,-9,-9,0,1,0,-9,0,0,-9,0,0,0,-9,-9,0,-9,0.5,0,0,-9,-9,-9,-9,-9,0,-9,-9,1,1,-9,0,-9,-9,0,0,1,1,-9,-9,-9,0,0,0,0,0
835,1993,Brunei 85-NA,Brunei,0.33,0,1,-9,1,-9,-9,-9,-9,-9,0.5,0,0,1,0,1,0.12,0.28,1,-9,-9,-9,-9,-9,0,-9,-9,-9,-9,-9,0,1,0,-9,0,0,-9,0,0,0,-9,-9,0,-9,0.5,0,0,-9,-9,-9,-9,-9,0,-9,-9,0,0,-9,0,-9,-9,0,0,1,1,-9,-9,-9,0,0,0,0,0
835,1994,Brunei 85-NA,Brunei,0.33,0,1,-9,1,-9,-9,-9,-9,-9,0.5,0,0,1,0,0.75,0.25,0.36,1,-9,-9,-9,-9,-9,0,-9,-9,-9,-9,-9,0,1,0,-9,0,0,-9,0,1,0,-9,-9,0,-9,0.5,0,0,-9,-9,-9,-9,-9,1,-9,-9,1,0,-9,1,-9,-9,0,0,1,1,-9,-9,-9,0,0,0,0,0
835,1995,Brunei 85-NA,Brunei,0.33,0,1,-9,1,-9,-9,-9,-9,-9,0.5,0,0,1,0,0.75,0.25,0.28,1,-9,-9,-9,-9,-9,0,-9,-9,-9,-9,-9,0,1,0,-9,0,0,-9,0,1,0,-9,-9,0,-9,0.5,0,0,-9,-9,-9,-9,-9,0,-9,-9,0,1,-9,1,-9,-9,0.1,0,1,1,-9,-9,-9,0,0,0,0,0
835,1996,Brunei 85-NA,Brunei,0.33,0,1,-9,1,-9,-9,-9,-9,-9,0.5,0,0,1,0,1,0.12,0.21,1,-9,-9,-9,-9,-9,0,-9,-9,-9,-9,-9,0,1,0,-9,0,0,-9,0,1,0,-9,-9,0,-9,0.5,0,0,-9,-9,-9,-9,-9,1,-9,-9,-9,1,-9,1,1,-9,0.1,0,1,1,-9,-9,-9,0,0,0,0,0
835,1997,Brunei 85-NA,Brunei,0.33,0,1,-9,1,-9,-9,-9,-9,-9,0.5,0,0,1,0,1,0.12,0.21,1,-9,-9,-9,-9,-9,0,-9,-9,-9,-9,-9,0,1,0,-9,0,0,-9,0,1,0,-9,-9,0,-9,0.5,0,0,-9,-9,-9,-9,-9,1,-9,-9,-9,0,-9,0,0,-9,0.1,0,1,1,-9,-9,-9,0,0,0,0,0
835,1998,Brunei 85-NA,Brunei,0.33,0,1,-9,1,-9,-9,-9,-9,-9,0.5,0,0,1,0,1,0.25,0.50,1,-9,-9,-9,-9,-9,0,-9,-9,-9,-9,-9,0,1,0,-9,0,0,-9,0,1,0,-9,-9,0,-9,0.5,0,0,-9,-9,-9,-9,-9,1,-9,-9,-9,1,-9,1,0,-9,0.1,0,1,1,-9,-9,-9,0,0,0,0,0
835,1999,Brunei 85-NA,Brunei,0.33,0,1,-9,1,-9,-9,-9,-9,-9,0.5,0,0,1,0,0.75,0,0.28,1,-9,-9,-9,-9,-9,0,-9,-9,-9,-9,-9,0,1,0,-9,0,0,-9,0,1,0,-9,-9,0,-9,0.5,0,0,-9,-9,-9,-9,-9,0,-9,-9,-9,1,-9,1,-9,-9,0.1,0,1,1,-9,-9,-9,0,0,0,0,0
835,2000,Brunei 85-NA,Brunei,0.33,0,1,-9,1,-9,-9,-9,-9,-9,0.5,0,0,1,0,1,0.12,0.36,1,-9,-9,-9,-9,-9,0,-9,-9,-9,-9,-9,0,1,0,-9,0,0,-9,0,1,0,-9,-9,0,-9,0.5,0,0,-9,-9,-9,-9,-9,0,-9,-9,-9,1,-9,1,-9,1,0.1,0,1,1,-9,-9,-9,0,0,0,0,0
835,2001,Brunei 85-NA,Brunei,0.33,0,1,-9,1,-9,-9,-9,-9,-9,0.5,0,0,1,0,1,0,0.21,1,-9,-9,-9,-9,-9,0,-9,-9,-9,-9,-9,0,1,0,-9,0,0,-9,0,1,0,-9,-9,0,-9,0.5,0,0,-9,-9,-9,-9,-9,0,-9,1,-9,0,-9,0,-9,0,0.1,0,1,1,-9,-9,-9,0,0,0,0,0
835,2002,Brunei 85-NA,Brunei,0.33,0,1,-9,1,-9,-9,-9,-9,-9,0.5,0,0,1,0,0.75,0,0.21,1,-9,-9,-9,-9,-9,0,-9,-9,-9,-9,-9,0,1,0,-9,0,0,-9,0,1,0,-9,-9,0,-9,0.5,0,0,-9,-9,-9,-9,-9,0,-9,1,-9,1,-9,1,-9,0,0.1,0,1,1,-9,-9,-9,0,0,0,0,0
835,2003,Brunei 85-NA,Brunei,0.33,0,1,-9,1,-9,-9,-9,-9,-9,0.5,0,0,1,0,0.75,0,0.21,1,-9,-9,-9,-9,-9,0,-9,-9,-9,-9,-9,0,1,0,-9,0,0,-9,0,1,0,-9,-9,0,-9,0.5,0,0,-9,-9,-9,-9,-9,0,-9,0,-9,1,-9,1,-9,1,0.1,0,1,1,-9,-9,-9,0,0,0,0,0
835,2004,Brunei 85-NA,Brunei,0.33,0,1,-9,1,-9,-9,-9,-9,-9,0.5,0,0,1,0,0.87,0,0.21,1,-9,-9,-9,-9,-9,0,-9,-9,-9,-9,-9,0,1,0,-9,0,0,-9,0,1,0,-9,-9,0,-9,0.5,0,0,-9,-9,-9,-9,-9,0,-9,0,-9,1,-9,0,-9,0,0.1,0,1,1,-9,-9,-9,0,0,0,0,0
835,2005,Brunei 85-NA,Brunei,0.33,0,1,-9,1,-9,-9,-9,-9,-9,0.5,0,0,1,0,1,0,0.21,1,-9,-9,-9,-9,-9,0,-9,-9,-9,-9,-9,0,1,0,-9,0,0,-9,0,1,0,-9,-9,0,-9,0.5,0,0,-9,-9,-9,-9,-9,1,-9,1,-9,1,-9,1,-9,0,0.1,0,1,1,-9,-9,-9,0,0,0,0,0
835,2006,Brunei 85-NA,Brunei,0.33,0,1,-9,1,-9,-9,-9,-9,-9,0.5,0,0,1,0,1,0.12,0.21,1,-9,-9,-9,-9,-9,0,-9,-9,-9,-9,-9,0,1,0,-9,0,0,-9,0,1,0,-9,-9,0,-9,0.5,0,0,-9,-9,-9,-9,-9,0,-9,0,-9,1,-9,1,-9,0,0.2,0,1,1,-9,-9,-9,0,0,0,0,0
835,2007,Brunei 85-NA,Brunei,0.33,0,1,-9,1,-9,-9,-9,-9,-9,0.5,0,0,1,0,1,0,0.21,1,-9,-9,-9,-9,-9,0,-9,-9,-9,-9,-9,0,1,0,-9,0,0,-9,0,1,0,-9,-9,0,-9,0.5,0,0,-9,-9,-9,-9,-9,1,-9,1,-9,1,-9,0,-9,1,0.2,0,1,1,-9,-9,-9,0,0,0,0,0
835,2008,Brunei 85-NA,Brunei,0.33,0,1,-9,1,-9,-9,-9,-9,-9,0.5,0,0,1,0,1,0,0.21,1,-9,-9,-9,-9,-9,0,-9,-9,-9,-9,-9,0,1,0,-9,0,0,-9,0,1,0,-9,-9,0,-9,0.5,0,0,-9,-9,-9,-9,-9,0,-9,0,-9,1,-9,0,-9,0,0.2,0,1,1,-9,-9,-9,0,0,0,0,0
835,2009,Brunei 85-NA,Brunei,0.33,0,1,-9,1,-9,-9,-9,-9,-9,0.5,0,0,1,0,1,0,0.14,1,-9,-9,-9,-9,-9,0,-9,-9,-9,-9,-9,0,1,0,-9,0,0,-9,0,1,0,-9,-9,0,-9,0.5,0,0,-9,-9,-9,-9,-9,1,-9,1,-9,0,-9,1,-9,1,0.2,0,1,1,-9,-9,-9,0,0,0,0,0
835,2010,Brunei 85-NA,Brunei,0.33,0,1,-9,1,-9,-9,-9,-9,-9,0.5,0,0,1,0,1,0,0.14,1,-9,-9,-9,-9,-9,0,-9,-9,-9,-9,-9,0,1,0,-9,0,0,-9,0,1,0,-9,-9,0,-9,0.5,0,0,-9,-9,-9,-9,-9,0,-9,1,-9,1,-9,1,0,0,0.2,0,1,1,-9,-9,-9,0,0,0,0,0
835,2011,Brunei 85-NA,Brunei,0.33,0,1,-9,1,-9,-9,-9,-9,-9,0.5,0,0,1,0,1,0,0.21,1,-9,-9,-9,-9,-9,0,-9,-9,-9,-9,-9,0,1,0,-9,0,0,-9,0,1,0,-9,-9,0,-9,0.5,0,0,-9,-9,-9,-9,-9,0,-9,1,-9,1,-9,0,1,0,0.2,0,1,1,-9,-9,-9,0,0,0,0,0
835,2012,Brunei 85-NA,Brunei,0.33,0,1,-9,1,-9,-9,-9,-9,-9,0.5,0,0,1,0,1,-9,-9,1,-9,-9,-9,-9,-9,0,-9,-9,-9,-9,-9,0,1,0,-9,0,0,-9,0,1,0,-9,-9,0,-9,0.5,0,0,-9,-9,-9,-9,-9,0,-9,1,-9,1,-9,0,0,0,0.2,0,1,1,-9,-9,-9,0,0,0,0,0
835,2013,Brunei 85-NA,Brunei,0.33,0,1,-9,1,-9,-9,-9,-9,-9,0.5,0,0,1,0,1,-9,-9,1,-9,-9,-9,-9,-9,0,-9,-9,-9,-9,-9,0,1,0,-9,0,0,-9,0,1,0,-9,-9,0,-9,0.5,0,0,-9,-9,-9,-9,-9,1,-9,0,-9,0,-9,0,-9,1,0.2,0,1,1,-9,-9,-9,0,0,0,0,0
835,2014,Brunei 85-NA,Brunei,0.33,0,1,-9,1,-9,-9,-9,-9,-9,0.5,0,0,1,0,1,-9,-9,1,-9,-9,-9,-9,-9,0,-9,-9,-9,-9,-9,0,1,0,-9,0,0,-9,0,1,0,-9,-9,0,-9,0.5,0,0,-9,-9,-9,-9,-9,1,-9,0,-9,0,-9,0,1,1,0.2,0,1,1,-9,-9,-9,0,0,0,0,0
835,2015,Brunei 85-NA,Brunei,0.33,0,1,-9,1,-9,-9,-9,-9,-9,0.5,0,0,1,0,1,-9,-9,1,-9,-9,-9,-9,-9,0,-9,-9,-9,-9,-9,0,1,0,-9,0,0,-9,0,1,0,-9,-9,0,-9,0.5,0,0,-9,-9,-9,-9,-9,1,-9,0,-9,0,-9,1,-9,1,0.2,0,1,1,-9,-9,-9,0,0,0,0,0
840,1975,Philippines 65-85,Philippines,1,1,0.6,-9,1,1,-9,0.33,0.5,-9,0,0,0,0,0,-9,-9,-9,1,1,0,0,0,0,0,-9,-9,-9,-9,0.15,0,0,0,-9,1,0,-9,0.5,1,0,0,-9,0,0.2,1,0,0,-9,-9,0,0,0,0,-9,0,1,1,0,-9,-9,-9,0.6,0,1,1,-9,-9,-9,0,0,0,0,0
840,1976,Philippines 65-85,Philippines,1,1,0.6,-9,1,1,-9,0.33,0.5,-9,0,0,0,0,0,0.37,-9,-9,1,1,0,0,0,0,0,-9,-9,-9,-9,0.15,0,1,0,-9,1,0,-9,0.5,1,0,0,-9,0,0.2,1,0,0,-9,-9,0,0,0,1,-9,1,0,1,0,-9,-9,-9,0.6,0,1,1,-9,-9,-9,0,0,0,0,0
840,1977,Philippines 65-85,Philippines,1,1,0.6,-9,1,1,-9,0.33,0.5,-9,0,0,0,0,0,0.37,-9,-9,1,1,0,0,0,0,0,-9,-9,-9,-9,0.15,0,1,0,1,1,0,0,0.5,1,0,0,-9,0,0.2,1,0,0,1,0,0,0,0,0,-9,1,0,1,0,-9,-9,-9,0.6,0,1,1,-9,0,0,0,1,0,0,0
840,1978,Philippines 65-85,Philippines,1,1,0.8,-9,1,1,1,0.33,0.5,1,0,0,1,0,1,0.37,-9,-9,1,1,0,0,0,0,1,1,0.25,0,1,0.15,0,1,0,1,1,0,0,0.5,1,0,0,-9,0,0.2,1,0,0,1,0,0,0,0,0,-9,0,1,1,0,-9,-9,-9,0.6,0,1,1,-9,0,0,0,1,0,0,0
840,1979,Philippines 65-85,Philippines,1,1,0.8,-9,1,1,-9,0.66,0.5,-9,1,0.5,1,0,1,0.37,-9,-9,1,1,0,1,0,0,1,-9,-9,-9,-9,0.15,0,1,0,-9,1,0,-9,0.5,1,0,0,-9,0,0.2,1,0,0,-9,-9,0,0,0,1,-9,0,0,1,0,-9,-9,-9,0.6,0,1,1,-9,-9,-9,0,1,0,0,0
840,1980,Philippines 65-85,Philippines,1,1,0.8,-9,1,1,-9,0.66,0.5,-9,1,0.5,1,0,1,0.37,-9,-9,1,1,0,1,0,0,1,-9,-9,-9,-9,0.15,0,1,0,-9,1,0,-9,0.5,1,0,0,-9,0,0.2,1,0,0,-9,-9,0,0,0,0,-9,0,0,1,0,-9,1,-9,0.5,1,1,1,-9,-9,-9,0,1,0,0,0
840,1981,Philippines 65-85,Philippines,1,1,0.8,-9,1,1,1,0.66,0.5,1,1,0.5,1,0,1,0.25,0.13,0.64,1,1,0,1,0,0,1,1,0.5,0,1,0.18,0,1,0,1,1,0,0,0.5,1,0,0,-9,0,0.2,1,0,0,1,0,0,0,0,1,-9,1,1,1,0,-9,-9,-9,0.83,1,1,1,-9,1,0,0,1,0,0,0
840,1982,Philippines 65-85,Philippines,1,1,0.8,-9,1,1,-9,0.66,0.5,-9,1,1,0,0,1,0.37,0.13,0.78,1,1,0,1,0,0,1,-9,-9,-9,-9,0.18,0,1,0,-9,1,0,-9,0.5,1,0,0,-9,0,0.2,1,0,0,-9,-9,0,0,0,0,-9,0,0,1,0,-9,1,-9,0.83,1,1,1,-9,-9,-9,0,1,0,0,0
840,1983,Philippines 65-85,Philippines,1,1,0.8,-9,1,1,-9,0.66,0.5,-9,1,1,0,0,1,0.25,0,0.64,1,0,0,1,0,0,0,-9,-9,-9,-9,0.17,0,1,0,-9,1,0,-9,0.5,1,0,0,-9,0,0.2,1,0,0,-9,-9,0,0,0,0,-9,1,1,0,0,-9,0,-9,0.83,1,1,1,-9,-9,-9,0,1,0,0,0
840,1984,Philippines 65-85,Philippines,1,1,0.8,-9,1,1,1,0.66,0.5,1,1,1,1,0,1,0.37,0.13,0.78,1,1,1,1,0,0,0,1,0.25,0,1,0.17,0,1,0,1,1,0,0,0.5,1,0,0,-9,0,0.2,1,0,0,1,0,0,0,0,0,-9,0,0,0,0,-9,-9,-9,0.83,1,1,1,-9,1,0,0,1,0,0,0
840,1985,Philippines 65-85,Philippines,1,1,0.8,-9,1,1,-9,0.66,0.5,-9,1,1,0,0,0,0.25,0.13,0.85,0,1,1,1,0,0,0,-9,-9,-9,-9,0.19,0,1,0,-9,1,0,-9,0.5,1,0,0,-9,0,0.2,1,0,0,-9,-9,0,0,0,1,-9,1,1,0,0,-9,1,-9,0.72,1,1,1,-9,-9,-9,0,1,0,0,0
775,1975,Myanmar 62-NA,Myanmar,0.66,0.5,0.2,-9,1,0.5,-9,0.33,0.5,-9,1,0.5,0,0,0,-9,-9,-9,1,-9,-9,-9,-9,-9,0,-9,-9,-9,-9,0.04,0,1,0,-9,1,0,-9,0,1,0,0,-9,0,0,0,0,0,-9,-9,0,0,0.33,0,-9,1,-9,-9,0,-9,1,-9,0.2,0,1,1,-9,-9,-9,0,0,0,1,0
775,1976,Myanmar 62-NA,Myanmar,0.66,0.5,0.2,-9,1,0.5,-9,0.33,0.5,-9,1,0.5,0,0,0,0.5,-9,-9,1,-9,-9,-9,-9,-9,0,-9,-9,-9,-9,0.04,0,1,0,-9,1,0,-9,0,1,0,0,-9,0,0,0,0,0,-9,-9,0,0,0.33,1,-9,-9,-9,-9,0,-9,0,-9,0.2,0,1,1,-9,-9,-9,0,0,0,1,0
775,1977,Myanmar 62-NA,Myanmar,0.66,0.5,0.2,-9,1,0.5,-9,0.33,0.5,-9,1,0.5,0,0,0,0.37,-9,-9,1,-9,-9,-9,-9,-9,0,-9,-9,-9,-9,0.04,0,1,0,-9,1,0,-9,0,1,0,0,-9,0,0,0,0,0,-9,-9,0,0,0.33,1,-9,0,-9,-9,1,-9,0,-9,0.2,0,1,1,-9,-9,-9,0,0,0,1,0
775,1978,Myanmar 62-NA,Myanmar,0.66,0.5,0.2,-9,1,0.5,1,0.33,0.5,-9,1,0.5,0,0,0,0.5,-9,-9,1,-9,-9,-9,-9,-9,0,1,0,1,-9,0.04,0,1,0,1,1,0,1,0,1,0,0,-9,0,0,0,0,0,0,0,0,0,0.33,0,-9,-9,-9,-9,1,-9,1,-9,0.2,0,1,1,-9,0,0,0,0,0,1,0
775,1979,Myanmar 62-NA,Myanmar,0.66,0.5,0.2,-9,1,0.5,-9,0.33,0.5,-9,1,0.5,0,0,0,0.75,-9,-9,1,-9,-9,-9,-9,-9,0,-9,-9,-9,-9,0.04,0,1,0,-9,1,0,-9,0,1,0,0,-9,0,0,0,0,0,-9,-9,0,0,0.33,0,-9,-9,-9,-9,0,-9,-9,-9,0.2,0,1,1,-9,-9,-9,0,0,0,1,1
775,1980,Myanmar 62-NA,Myanmar,0.66,0.5,0.2,-9,1,0.5,-9,0.33,0.5,-9,1,0.5,0,0,0,0.5,-9,-9,1,-9,-9,-9,-9,-9,0,-9,-9,-9,-9,0.11,0,1,0,-9,1,0,-9,0,1,0,0,-9,0,0,0,0,0,-9,-9,0,0,0.33,0,-9,1,-9,-9,1,-9,-9,-9,0.16,0,1,1,-9,-9,-9,0,0,0,1,1
775,1981,Myanmar 62-NA,Myanmar,0.66,0.5,0.2,-9,1,0.5,1,0.33,0.5,-9,1,0.5,0,0,0,0.5,-9,0.14,1,-9,-9,-9,-9,-9,0,1,0,1,-9,0.11,0,1,0,1,1,0,1,0,1,0,0,-9,0,0,0,0,0,0,0,0,0,0.33,1,-9,-9,-9,-9,1,-9,-9,-9,0.16,0,1,1,-9,1,0,0,0,0,1,1
775,1982,Myanmar 62-NA,Myanmar,0.66,0.5,0.2,-9,1,0.5,-9,0.33,0.5,-9,1,0.5,0,0,0,0.5,0.75,0.07,1,-9,-9,-9,-9,-9,0,-9,-9,-9,-9,0.11,0,1,0,-9,1,0,-9,0,1,0,0,-9,0,0,0,0,0,-9,-9,0,0,0.33,0,-9,-9,-9,-9,0,-9,-9,-9,0.16,0,1,1,-9,-9,-9,0,0,0,1,1
775,1983,Myanmar 62-NA,Myanmar,0.66,0.5,0.2,-9,1,0.5,-9,0.33,0.5,-9,1,0.5,0,0,0,0.37,0.50,0.14,1,-9,-9,-9,-9,-9,0,-9,-9,-9,-9,0.11,0,1,0,-9,1,0,-9,0,1,0,0,-9,0,0,0,0,0,-9,-9,0,0,0.33,0,-9,0,-9,-9,0,-9,-9,-9,0.16,0,1,1,-9,-9,-9,0,0,0,1,1
775,1984,Myanmar 62-NA,Myanmar,0.66,0.5,0.2,-9,1,0.5,-9,0.33,0.5,-9,1,0.5,0,0,0,0.5,0.63,0.28,1,-9,-9,-9,-9,-9,0,-9,-9,-9,-9,0.11,0,1,0,-9,1,0,-9,0,1,0,0,-9,0,0,0,0,0,-9,-9,0,0,0.33,0,-9,1,-9,-9,0,-9,-9,-9,0.16,0,1,1,-9,-9,-9,0,0,0,1,1
775,1985,Myanmar 62-NA,Myanmar,0.66,0.5,0.2,-9,1,0.5,1,0.33,0.5,-9,1,0.5,0,0,0,0.37,0.63,0.28,1,-9,-9,-9,-9,-9,0,1,0,-9,-9,0.11,0,1,0,1,1,0,1,0,1,0,0,-9,0,0,0,0,0,0,0,0,0,0.33,1,-9,-9,-9,-9,0,-9,-9,-9,0.14,0,1,1,-9,1,0,0,0,0,1,1
775,1986,Myanmar 62-NA,Myanmar,0.66,0.5,0.2,-9,1,0.5,-9,0.33,0.5,-9,1,0.5,0,0,0,0.25,0.50,0.14,1,-9,-9,-9,-9,-9,0,-9,-9,1,-9,0.11,0,1,0,-9,1,0,-9,0,1,0,0,-9,0,0,0,0,0,-9,-9,0,0,0.33,0,-9,0,-9,-9,0,-9,-9,-9,0.14,0,1,1,-9,-9,-9,0,0,0,1,1
775,1987,Myanmar 62-NA,Myanmar,0.66,0.5,0.2,-9,1,0.5,-9,0.33,0.5,-9,1,0.5,0,0,0,0.25,0.13,0.14,1,-9,-9,-9,-9,-9,0,-9,-9,-9,-9,0.11,0,1,0,-9,1,0,-9,0,1,0,0,-9,0,0,0,0,0,-9,-9,0,0,0.33,0,-9,0,-9,-9,0,-9,-9,-9,0.14,0,1,1,-9,-9,-9,0,0,0,1,1
775,1988,Myanmar 62-NA,Myanmar,0.66,0,0.2,-9,1,1,-9,0.33,0.5,-9,1,0.5,0,0,0,0,0,0.14,1,-9,-9,-9,-9,-9,0,-9,-9,-9,-9,0.13,0,1,0,-9,1,0,-9,0,1,0,0,-9,0,0,0,0,0,-9,-9,0,0,0,1,-9,-9,-9,-9,0,-9,-9,-9,0.14,0,1,0,-9,-9,-9,0,0,0,1,1
775,1989,Myanmar 62-NA,Myanmar,0.66,0,0.2,-9,1,1,-9,0.33,-9,-9,0,0,0,0,0,0.25,0,0,1,1,0,1,0,0,0,-9,-9,-9,-9,0.13,0,0,0,-9,1,0,-9,0,0,0,0,-9,0,0.2,0,0,0,-9,-9,0,0,0,1,-9,1,-9,-9,0,-9,-9,-9,0.14,0,1,0,-9,-9,-9,0,0,0,1,1
775,1990,Myanmar 62-NA,Myanmar,0.66,0,0.2,-9,1,1,1,0.33,-9,1,0,0,1,0,0,0.25,0.25,0.07,1,1,0,1,0,0,0,0.75,0.5,0,0,0.13,0,0,0,0,1,0,0,0,0,0,0,-9,0,0.2,0,0,0,1,0,0,0,0,1,-9,1,-9,-9,0,-9,-9,-9,0.11,0,1,0,-9,0,0,0,0,0,1,1
775,1991,Myanmar 62-NA,Myanmar,0.66,0,0.2,-9,1,1,-9,0.33,-9,-9,0,0,0,0,0,0.25,0.25,0,1,1,0,1,0,0,0,-9,-9,-9,-9,0.13,0,0,0,-9,1,0,-9,0,0,0,0,-9,0,0.2,0,1,0,-9,-9,0,0,0,0,-9,1,-9,-9,0,1,-9,-9,0.2,0,1,0,-9,-9,-9,0,1,0,1,1
775,1992,Myanmar 62-NA,Myanmar,0.66,0,0.2,-9,1,1,-9,0.33,-9,-9,0,0,0,0,0,0,0.38,0,1,1,0,1,0,0,0,-9,-9,-9,-9,0.13,0,0,0,-9,1,0,-9,0,0,0,0,-9,0,0.2,0,1,0,-9,-9,0,0,0,1,-9,0,-9,-9,0,1,-9,-9,0.2,0,1,0,-9,-9,-9,0,0,0,1,1
775,1993,Myanmar 62-NA,Myanmar,0.66,0,0.2,-9,1,1,-9,0.33,-9,-9,0,0,0,0,0,0,0.13,0.14,1,1,0,1,0,0,0,-9,-9,-9,-9,0.13,0,0,0,-9,1,0,-9,1,1,0,0,-9,0,0.2,0,1,0,-9,-9,0,0,0,1,-9,0,-9,-9,0,1,-9,-9,0.2,0,1,0,-9,-9,-9,0,0,0,1,1
775,1994,Myanmar 62-NA,Myanmar,0.66,0,0.2,-9,1,1,-9,0.33,-9,-9,0,0,0,0,0,0,0.38,0.07,1,1,0,1,0,0,0,-9,-9,-9,-9,0.13,0,0,0,-9,1,0,-9,1,1,0,0,-9,0,0.2,0,1,0,-9,-9,0,0,0,1,-9,1,-9,-9,0,1,-9,-9,0.2,0,1,0,-9,-9,-9,0,0,0,1,1
775,1995,Myanmar 62-NA,Myanmar,0.66,0,0.2,-9,1,1,-9,0.33,-9,-9,0,0,0,0,0,0.12,0.25,0.07,1,1,0,1,0,0,0,-9,-9,-9,-9,0.13,0,0,0,-9,1,0,-9,1,1,0,0,-9,0,0.2,0,1,0,-9,-9,0,0,0,1,-9,1,-9,-9,0,1,0,-9,0.2,0,1,0,-9,-9,-9,0,0,0,1,1
775,1996,Myanmar 62-NA,Myanmar,0.66,0,0.2,-9,1,1,-9,0.33,-9,-9,0,0,0,0,0,0.25,0.25,0.07,1,1,1,1,0,0,0,-9,-9,-9,-9,0.13,0,0,0,-9,1,0,-9,1,1,0,0,-9,0,0.2,0,1,0,-9,-9,0,0,0,0,-9,1,-9,-9,0,1,-9,-9,0.2,0,1,0,-9,-9,-9,0,0,0,1,1
775,1997,Myanmar 62-NA,Myanmar,0.66,0,0.2,-9,1,1,-9,0.33,-9,-9,0,0,0,0,0,0,0.13,0.07,1,1,1,1,0,0,0,-9,-9,-9,-9,0.13,0,0,0,-9,1,0,-9,1,1,0,0,0,0,0.2,0,1,0,-9,-9,0,0,0,0,-9,1,-9,-9,0,1,-9,-9,0.3,0,1,0,-9,-9,-9,0,1,0,1,1
775,1998,Myanmar 62-NA,Myanmar,0.66,0,0.2,-9,1,1,-9,0.33,-9,-9,0,0,0,0,0,0.12,0.13,0.07,1,1,1,1,0,0,0,-9,-9,-9,-9,0.13,0,0,0,-9,1,0,-9,1,1,0,0,0,0,0.2,0,1,0,-9,-9,0,0,0,0,-9,0,-9,-9,0,1,-9,-9,0.3,0,1,0,-9,-9,-9,0,1,0,1,1
775,1999,Myanmar 62-NA,Myanmar,0.66,0,0.2,-9,1,1,-9,0.33,-9,-9,0,0,0,0,0,0.25,0.13,0,1,1,1,1,0,0,0,-9,-9,-9,-9,0.13,0,0,0,-9,1,0,-9,1,1,0,0,0,0,0.2,0,1,0,-9,-9,0,0,0,0,-9,0,-9,-9,0,1,-9,-9,0.3,0,1,0,-9,-9,-9,0,1,0,1,1
775,2000,Myanmar 62-NA,Myanmar,0.66,0,0.2,-9,1,1,-9,0.33,-9,-9,0,0,0,0,0,0.12,0,0.07,1,1,0,1,0,0,0,-9,-9,-9,-9,0.13,0,0,0,-9,1,0,-9,1,1,0,0,0,0,0.2,0,1,0,-9,-9,0,0,0,1,-9,1,1,1,1,1,-9,1,0.3,0,1,0,-9,-9,-9,0,0,0,1,1
775,2001,Myanmar 62-NA,Myanmar,0.66,0,0.2,-9,1,1,-9,0.33,-9,-9,0,0,0,0,0,0.37,0.13,0,1,1,0,1,0,0,0,-9,-9,-9,-9,0.13,0,0,0,-9,1,0,-9,1,1,0,0,0,0,0.2,0,1,0,-9,-9,0,0,0,0,-9,0,1,0,0,1,-9,0,0.3,0,1,0,-9,-9,-9,0,0,0,1,1
775,2002,Myanmar 62-NA,Myanmar,0.66,0,0.2,-9,1,1,-9,0.33,-9,-9,0,0,0,0,0,0.37,0.38,0,1,1,1,1,0,0,0,-9,-9,-9,-9,0.13,0,0,0,-9,1,0,-9,1,1,0,0,0,0,0.2,0,1,0,-9,-9,0,0,0,0,-9,0,0,1,0,1,-9,1,0.3,0,1,0,-9,-9,-9,0,1,0,1,1
775,2003,Myanmar 62-NA,Myanmar,0.66,0,0.2,-9,1,1,-9,0.33,-9,-9,0,0,0,0,0,0.25,0.00,0,1,1,0,1,0,0,0,-9,-9,-9,-9,0.13,0,0,0,-9,1,0,-9,1,1,0,0,0,0,0.2,0,1,0,-9,-9,0,0,0,1,-9,1,0,1,0,1,-9,0,0.3,0,1,0,-9,-9,-9,0,0,0,1,1
775,2004,Myanmar 62-NA,Myanmar,0.66,0,0.2,-9,1,1,-9,0.33,-9,-9,0,0,0,0,0,0.25,0.13,0,1,1,0,1,0,0,0,-9,-9,-9,-9,0.13,0,0,0,-9,1,0,-9,1,1,0,0,0,0,0.2,0,1,0,-9,-9,0,0,0,0,-9,0,0,1,0,1,-9,0,0.3,0,1,0,-9,-9,-9,0,0,0,1,1
775,2005,Myanmar 62-NA,Myanmar,0.66,0,0.2,-9,1,1,-9,0.33,-9,-9,0,0,0,0,0,0.25,0.13,0,1,1,0,1,0,0,0,-9,-9,-9,-9,0.13,0,0,0,-9,1,0,-9,1,1,0,0,0,0,0.2,0,1,0,-9,-9,0,0,0,0,-9,1,1,1,0,1,-9,0,0.3,0,1,0,-9,-9,-9,0,0,0,1,1
775,2006,Myanmar 62-NA,Myanmar,0.66,0,0.2,-9,1,1,-9,0.33,-9,-9,0,0,0,0,0,0.12,0,0,1,1,0,1,0,0,0,-9,-9,-9,-9,0.13,0,0,0,-9,1,0,-9,1,1,0,0,0,0,0.2,0,1,0,-9,-9,0,0,0,0,-9,1,0,1,0,1,-9,0,0.3,0,1,0,-9,-9,-9,0,0,0,1,1
775,2007,Myanmar 62-NA,Myanmar,0.66,0,0.2,-9,1,1,-9,0.33,-9,-9,0,0,0,0,0,0,0,0,1,1,0,1,0,0,0,-9,-9,-9,-9,0.13,0,0,0,-9,1,0,-9,1,1,0,0,0,0,0.2,0,1,0,-9,-9,0,0,0,0,-9,1,0,1,0,1,-9,0,0.27,0,0,0,1,-9,-9,0,0,0,1,1
775,2008,Myanmar 62-NA,Myanmar,0.66,0,0.2,1,1,1,-9,0.33,-9,-9,0,0,0,0,0,0.12,0,0.14,1,1,0,1,0,0,0,-9,-9,-9,-9,0.13,0,0,0,-9,1,0,-9,1,1,0,0,0,0,0.2,0,1,0,-9,-9,0,0,0,0,-9,1,1,1,0,1,-9,1,0.27,0,1,0,-9,-9,-9,0,0,0,1,1
775,2009,Myanmar 62-NA,Myanmar,0.66,0,0.6,-9,1,1,-9,0.33,0,-9,0,0,0,0,0,0.12,0.13,0,1,1,0,1,0,0,0,-9,-9,-9,-9,0.13,0,0,0,-9,1,0,-9,1,1,0,0,0,0,0.2,0,1,0,-9,-9,0,0,0,0,-9,1,0,1,1,1,-9,1,0.27,0,1,0,-9,-9,-9,0,0,0,1,1
775,2010,Myanmar 62-NA,Myanmar,0.66,1,0.6,-9,1,1,1,0.66,0,1,0,0,0,0,0,0,0.13,0,1,1,0,1,0,0,0,0.75,0.5,1,-9,0.25,0,0,0,0,1,0,0,1,1,0,0.75,0,0,0.4,0,1,0,0,0,0,0,0.33,0,-9,0,0,1,0,1,-9,0,0.27,0,1,0,-9,0,0,0,0,0,1,1
775,2011,Myanmar 62-NA,Myanmar,0.66,1,0.6,-9,1,1,-9,0.66,0,-9,0.75,1,0,0,0,0.12,0.13,0,1,1,1,1,0,0,0,-9,-9,-9,-9,0.50,0,0,0,-9,1,0,-9,1,1,0,0.25,0.75,0,0.8,0,1,0,-9,-9,0.33,0.33,0.33,0,-9,1,0,1,0,1,0,0,0.36,0,1,0,-9,-9,-9,0,0,0,1,1
775,2012,Myanmar 62-NA,Myanmar,0.66,1,0.6,-9,1,1,-9,0.66,0,-9,0.75,1,0,0,0,0.25,-9,-9,1,1,1,1,0,0,0,-9,-9,-9,-9,0.50,0,0,0,-9,1,0,-9,1,1,0,0.25,0.25,1,0.4,0,1,1,-9,-9,0.33,0.33,0.33,1,-9,0,1,0,1,1,-9,1,0.36,0,1,0,-9,-9,-9,0,0,0,1,1
775,2013,Myanmar 62-NA,Myanmar,0.66,1,0.6,-9,1,1,-9,0.66,0,-9,0.75,1,0,0,0,0.25,-9,-9,1,1,1,1,0,0,0,-9,-9,-9,-9,0.53,0,1,0,-9,1,0,-9,1,1,0,0.25,0.25,1,0.4,0,1,1,-9,-9,0.33,0.66,0.33,1,-9,1,1,0,0,1,-9,1,0.36,0,1,0,-9,-9,-9,0,0,0,1,1
775,2014,Myanmar 62-NA,Myanmar,0.66,1,0.6,-9,1,1,-9,0.33,0,-9,0.75,1,0,0,0,0.25,-9,-9,1,1,1,1,0,0,0,-9,-9,-9,-9,0.55,0,1,0,-9,1,0,-9,1,1,0,0.25,0.25,1,0.8,0,1,1,-9,-9,0.33,0.66,0.33,0,-9,0,0,1,0,1,-9,1,0.36,0,1,0,-9,-9,-9,0,0,0,1,1
775,2015,Myanmar 62-NA,Myanmar,0.66,1,0.6,-9,1,1,1,1,0,-9,0.75,1,0,0,0,0.25,-9,-9,1,1,1,1,0,0,0,0.5,0.75,0,-9,0.55,0,1,0,1,1,0,0,1,1,0,0.25,0.25,1,0.8,1,1,1,1,0,0.66,0.66,0.33,1,-9,0,-9,0,-9,1,-9,1,0.36,0,1,0,-9,1,0,0,1,0,1,1
812,1975,Laos 59-NA,Laos,0.33,0,0.8,-9,1,1,-9,0.33,0.5,-9,0.5,0.5,0,1,0,-9,-9,-9,-9,-9,-9,-9,-9,-9,0,-9,-9,-9,-9,0.03,0,1,1,-9,0,0,-9,0,0,0,0,-9,0,0,0,0,0,-9,-9,0,0.33,0,-9,-9,-9,-9,-9,-9,-9,-9,-9,0.4,0,1,1,-9,-9,-9,1,0,0,1,0
812,1976,Laos 59-NA,Laos,0.33,0,0.8,-9,1,0,-9,0.33,-9,-9,0.5,0.5,0,1,0,0.25,-9,-9,-9,-9,-9,-9,-9,-9,0,-9,-9,-9,-9,0.03,0,1,1,-9,0,0,-9,0,0,0,0,-9,0,0,0,0,0,-9,-9,0,0.33,0.33,-9,-9,-9,-9,-9,-9,-9,-9,-9,0.4,0,1,1,-9,-9,-9,1,0,0,1,0
812,1977,Laos 59-NA,Laos,0.33,0,0.8,-9,1,0,-9,0.33,-9,-9,0.5,0.5,0,1,0,0.25,-9,-9,-9,-9,-9,-9,-9,-9,0,-9,-9,-9,-9,0.03,0,1,1,-9,0,0,-9,0,0,0,0,-9,0,0,0,0,0,-9,-9,0.33,0.33,0.33,-9,-9,-9,-9,-9,-9,-9,-9,-9,0.4,0,1,1,-9,-9,-9,1,0,0,1,0
812,1978,Laos 59-NA,Laos,0.33,0,0.8,-9,1,0,-9,0.33,-9,-9,0.5,0.5,0,1,0,0.25,-9,-9,-9,-9,-9,-9,-9,-9,0,-9,-9,-9,-9,0.03,0,1,1,-9,0,0,-9,0,0,0,0,-9,0,0,0,0,0,-9,-9,0.33,0.33,0.33,-9,-9,-9,-9,-9,-9,-9,-9,-9,0.4,0,1,1,-9,-9,-9,1,0,0,1,0
812,1979,Laos 59-NA,Laos,0.33,0,0.8,-9,1,0,-9,0.33,-9,-9,0.5,0.5,0,1,0,0.25,-9,-9,-9,-9,-9,-9,-9,-9,0,-9,-9,-9,-9,0.03,0,1,1,-9,0,0,-9,0,0,0,0,-9,0,0,0,0,0,-9,-9,0.33,0.33,0.33,-9,-9,-9,-9,-9,-9,-9,-9,-9,0.4,0,1,1,-9,-9,-9,1,0,0,1,0
812,1980,Laos 59-NA,Laos,0.33,0,0.8,-9,1,0,-9,0.33,-9,-9,0.5,0.5,0,1,0,0.5,-9,-9,-9,-9,-9,-9,-9,-9,0,-9,-9,-9,-9,0.03,0,1,1,-9,0,0,-9,0,0,0,0,-9,0,0,0,0,0,-9,-9,0.33,0.33,0.33,-9,-9,-9,-9,-9,-9,-9,-9,-9,0.32,0,1,1,-9,-9,-9,1,0,0,1,0
812,1981,Laos 59-NA,Laos,0.33,0,0.8,-9,1,0,-9,0.33,-9,-9,0.5,0.5,0,1,0,0.5,0.38,0.14,-9,-9,-9,-9,-9,-9,0,-9,-9,-9,-9,0.03,0,1,1,-9,0,0,-9,0,0,0,0,-9,0,0,0,0,0,-9,-9,0.33,0.33,0.33,-9,-9,-9,-9,-9,-9,-9,-9,-9,0.5,0,1,1,-9,-9,-9,1,0,0,1,0
812,1982,Laos 59-NA,Laos,0.33,0,0.8,-9,1,0,-9,0.33,-9,-9,0.5,0.5,0,1,0,0.5,0.38,0.07,-9,-9,-9,-9,-9,-9,0,-9,-9,-9,-9,0.03,0,1,1,-9,0,0,-9,0,0,0,0,-9,0,0,0,0,0,-9,-9,0.33,0.33,0.33,-9,-9,-9,-9,-9,-9,-9,-9,-9,0.5,0,1,1,-9,-9,-9,1,0,0,1,0
812,1983,Laos 59-NA,Laos,0.33,0,0.8,-9,1,0,-9,0.33,-9,-9,0.5,0.5,0,1,0,0.37,0.50,0.14,-9,-9,-9,-9,-9,-9,0,-9,-9,-9,-9,0.03,0,1,0,-9,0,0,-9,0,0,0,0,-9,0,0,0,0,0,-9,-9,0.33,0.33,0.33,-9,-9,-9,-9,-9,-9,-9,-9,-9,0.5,0,1,1,-9,-9,-9,1,0,0,1,1
812,1984,Laos 59-NA,Laos,0.33,0,0.8,-9,1,0,-9,0.33,-9,-9,0.5,0.5,0,1,0,0.37,0.50,0.07,-9,-9,-9,-9,-9,-9,0,-9,-9,-9,-9,0.03,0,1,0,-9,0,0,-9,0,0,0,0,-9,0,0,0,0,0,-9,-9,0.33,0.33,0.33,-9,-9,-9,1,1,-9,-9,-9,-9,0.5,0,0,1,-9,-9,-9,1,0,0,1,1
812,1985,Laos 59-NA,Laos,0.33,0,0.8,-9,1,0,-9,0.33,-9,-9,0.5,0.5,0,1,0,0.37,0.50,0.00,-9,-9,-9,-9,-9,-9,0,-9,-9,-9,-9,0.03,0,1,0,-9,0,0,-9,0,0,0,0,-9,0,0,0,0,0,-9,-9,0.33,0.33,0.33,-9,-9,-9,0,1,-9,-9,-9,-9,0.43,0,1,1,-9,-9,-9,1,0,0,1,1
812,1986,Laos 59-NA,Laos,0.33,0,0.8,-9,1,0,-9,0.33,-9,-9,0.5,0.5,0,1,0,0.25,0.63,0.07,-9,-9,-9,-9,-9,-9,0,-9,-9,-9,-9,0.06,0,1,0,-9,0,0,-9,0,0,0,0,-9,0,0,0,0,0,-9,-9,0,0.33,0.33,-9,-9,-9,1,0,-9,-9,-9,-9,0.43,0,1,1,-9,-9,-9,1,0,0,1,1
812,1987,Laos 59-NA,Laos,0.33,0,0.8,-9,1,0,-9,0.33,-9,-9,0.5,0.5,0,1,0,0.37,0.38,0.14,-9,-9,-9,-9,-9,-9,0,-9,-9,-9,-9,0.06,0,1,0,-9,0,0,-9,0,0,0,0,-9,0,0,0,0,0,-9,-9,0,0.33,0.33,-9,-9,-9,1,0,-9,-9,-9,-9,0.43,0,1,1,-9,-9,-9,1,0,0,1,1
812,1988,Laos 59-NA,Laos,0.33,0,0.8,-9,1,0,-9,0.33,-9,-9,0.5,0.5,0,1,0,0.5,0.63,0.07,-9,-9,-9,-9,-9,-9,0,-9,-9,-9,-9,0.06,0,1,0,-9,0,0,-9,0,0,0,0,-9,0,0,0,0,0,-9,-9,0,0.33,0.33,-9,-9,1,1,0,-9,-9,-9,-9,0.43,0,1,1,-9,-9,-9,1,0,0,1,1
812,1989,Laos 59-NA,Laos,0.33,0,0.8,-9,1,0,1,0.33,-9,-9,0.5,0.5,0,1,0,0.62,0.63,0.07,-9,-9,-9,-9,-9,-9,0,0.25,0.25,1,-9,0.06,0,1,0,1,0,0,0,0,0,0,0,-9,0,0,0,0,0,0,0,0,0.33,0.33,-9,-9,1,1,1,0,-9,-9,-9,0.43,0,1,1,-9,1,0,1,0,0,1,1
812,1990,Laos 59-NA,Laos,0.33,0,0.8,-9,1,0,-9,0.33,-9,-9,1,0.5,0,1,0,0.62,0.50,0.28,-9,-9,-9,-9,-9,-9,0,-9,-9,-9,-9,0.06,0,1,0,-9,0,0,-9,0,0,0,0,-9,0,0,0,0,0,-9,-9,0,0.33,0.33,-9,-9,1,0,1,0,-9,-9,-9,0.33,0,1,1,-9,-9,-9,1,0,0,1,1
812,1991,Laos 59-NA,Laos,0.33,0,0.8,-9,1,0,-9,0.33,-9,-9,1,0.5,0,0,0,0.75,0.88,0.43,-9,-9,-9,-9,-9,-9,0,-9,-9,-9,-9,0.06,0,1,0,-9,0,0,-9,0,0,0,0,-9,0,0,0,0,0,-9,-9,0,0.33,0.33,-9,-9,1,0,1,0,1,-9,-9,0.4,0,1,1,-9,-9,-9,1,0,0,1,1
812,1992,Laos 59-NA,Laos,0.33,0.5,0.8,-9,1,0,1,0.33,-9,-9,1,0.5,0,0,0,0.62,0.88,0.36,-9,-9,-9,-9,-9,-9,0,0.25,0.25,1,-9,0.06,0,1,0,1,0,0,0,0,0,0,0,-9,0,0,0,0,0,0,0,0,0.33,0.33,1,-9,1,1,1,0,0,1,-9,0.4,0,1,1,-9,0,0,1,0,0,1,1
812,1993,Laos 59-NA,Laos,0.33,0.5,0.8,-9,1,1,-9,0.33,-9,-9,1,0.5,0,0,0,0.62,0.75,0.28,-9,-9,-9,-9,-9,-9,0,-9,-9,-9,-9,0.06,0,1,0,-9,0,0,-9,0,0,0,0,-9,0,0,0,0,0,-9,-9,0,0.33,0.33,0,-9,1,1,1,0,0,-9,-9,0.4,0,1,1,-9,-9,-9,1,0,0,1,1
812,1994,Laos 59-NA,Laos,0.33,0.5,0.8,-9,1,1,-9,0.33,-9,-9,1,0.5,0,0,0,0.75,0.88,0.36,-9,-9,-9,-9,-9,-9,0,-9,-9,-9,-9,0.07,0,1,0,-9,0,0,-9,0,0,0,0,-9,0,0,0,0,0,-9,-9,0,0.33,0.33,0,-9,1,0,1,0,1,-9,-9,0.4,0,1,1,-9,-9,-9,1,0,0,1,1
812,1995,Laos 59-NA,Laos,0.33,0.5,0.8,-9,1,1,-9,0.33,-9,-9,1,0.5,0,0,0,0.87,0.88,0.36,-9,-9,-9,-9,-9,-9,0,-9,-9,-9,-9,0.06,0,1,0,-9,0,0,-9,0,0,0,0,-9,0,0,0,0,0,-9,-9,0,0.33,0.33,0,-9,1,1,1,0,0,-9,-9,0.4,0,1,1,-9,-9,-9,1,0,0,1,1
812,1996,Laos 59-NA,Laos,0.33,0.5,0.8,-9,1,1,-9,0.33,-9,-9,1,0.5,0,0,0,0,1.00,0.28,-9,-9,-9,-9,-9,-9,0,-9,-9,-9,-9,0.06,0,1,0,-9,0,0,-9,0,0,0,0,-9,0,0,0,0,0,-9,-9,0,0.33,0.33,0,-9,1,1,1,0,1,1,-9,0.4,0,1,1,-9,-9,-9,1,0,0,1,1
812,1997,Laos 59-NA,Laos,0.33,0.5,0.8,-9,1,1,1,0.33,-9,-9,1,0.5,0,0,0,0.75,0.88,0.28,-9,-9,-9,-9,-9,-9,0,0.25,0.25,1,-9,0.13,0,1,0,1,0,0,0,0,0,0,0,0.25,0,0,0,0,0,0,0,0,0.33,0.33,0,-9,0,1,0,0,0,0,-9,0.4,0,1,1,-9,0,0,1,0,0,1,1
812,1998,Laos 59-NA,Laos,0.33,0.5,0.8,-9,1,1,-9,0.33,-9,-9,1,0.5,0,0,0,0.62,0.63,0.21,-9,-9,-9,-9,-9,-9,0,-9,-9,-9,-9,0.13,0.25,1,0,-9,0,0,-9,0,0,0,0,0.25,0,0,0,0,0,-9,-9,0,0.33,0.33,0,-9,0,1,0,0,1,-9,-9,0.4,0,1,1,-9,-9,-9,1,0,0,1,1
812,1999,Laos 59-NA,Laos,0.33,0.5,0.8,-9,1,1,-9,0.33,-9,-9,1,0.5,0,0,0,0.75,0.63,0.14,-9,-9,-9,-9,-9,-9,0,-9,-9,-9,-9,0.13,0.25,1,0,-9,0,0,-9,0,0,0,0,0.25,0,0,0,0,0,-9,-9,0,0.33,0.33,0,-9,1,0,1,0,1,-9,-9,0.4,0,1,1,-9,-9,-9,1,0,0,1,1
812,2000,Laos 59-NA,Laos,0.33,0.5,0.8,-9,1,1,-9,0.33,-9,-9,1,0.5,0,0,0,0.5,0.50,0.21,-9,-9,-9,-9,-9,-9,0,-9,-9,-9,-9,0.13,0.25,1,0,-9,0,0,-9,0,0,0,0,0.25,0,0,0,0,0,-9,-9,0,0.33,0.33,0,-9,0,0,1,0,0,0,1,0.4,0,1,1,-9,-9,-9,1,0,0,1,1
812,2001,Laos 59-NA,Laos,0.33,0.5,0.8,-9,1,1,-9,0.33,-9,-9,1,0.5,0,0,0,0.62,0.50,0.14,-9,-9,-9,-9,-9,-9,0,-9,-9,-9,-9,0.13,0.25,1,0,-9,0,0,-9,0,0,0,0,0.25,0,0,0,0,0,-9,-9,0,0.33,0.33,0,-9,0,0,1,0,1,1,1,0.4,0,1,1,-9,-9,-9,1,0,0,1,1
812,2002,Laos 59-NA,Laos,0.33,0.5,0.8,-9,1,1,1,0.33,-9,-9,1,0.5,0,0,0,0.62,0.50,0.21,-9,-9,-9,-9,-9,-9,0,0.25,0.5,1,-9,0.13,0.25,1,0,1,0,0,0,0,0,0,0,0.25,0,0,0,0,0,0,0,0,0.33,0.33,0,-9,0,1,0,0,1,1,1,0.4,0,1,1,-9,0,0,1,0,0,1,1
812,2003,Laos 59-NA,Laos,0.33,0.5,0.8,-9,1,1,-9,0.33,-9,-9,1,0.5,0,0,0,0.5,0.13,0.21,-9,-9,-9,-9,-9,-9,0,-9,-9,-9,-9,0.13,0.33,1,0,-9,0,0,-9,0,0,0,0,0.25,0,0,0,0,0,-9,-9,0,0.33,0.33,0,-9,1,0,1,0,0,-9,1,0.4,0,1,1,-9,-9,-9,1,0,0,1,1
812,2004,Laos 59-NA,Laos,0.33,0.5,0.8,-9,1,1,-9,0.33,-9,-9,1,0.5,0,0,0,0.5,0.38,0.28,-9,-9,-9,-9,-9,-9,0,-9,-9,-9,-9,0.13,0.33,1,0,-9,0,0,-9,0,0,0,0,0.25,0,0,0,0,0,-9,-9,0,0.33,0.33,0,-9,0,0,1,0,0,0,0,0.4,0,1,1,-9,-9,-9,1,0,0,1,1
812,2005,Laos 59-NA,Laos,0.33,0.5,0.8,-9,1,1,-9,0.33,-9,-9,1,0.5,0,0,0,0.5,0.38,0.21,-9,-9,-9,-9,-9,-9,0,-9,-9,-9,-9,0.13,0.33,1,0,-9,0,0,-9,0,0,0,0,0.25,0,0,1,0,0,-9,-9,0,0.33,0.33,0,-9,1,0,1,0,1,1,0,0.4,0,1,1,-9,-9,-9,1,0,0,1,1
812,2006,Laos 59-NA,Laos,0.33,0.5,0.8,-9,1,1,1,0.33,0,-9,1,0.5,0,0,0,0.5,0.50,0.14,-9,-9,-9,-9,-9,-9,0,0.5,0.5,1,-9,0.13,0.33,1,0,1,0,0,0,0,0,0,0,0.25,0,0,1,0,0,0,0,0,0.33,0.33,0,-9,1,1,1,0,1,1,0,0.4,0,1,1,-9,0,0,1,0,0,1,1
812,2007,Laos 59-NA,Laos,0.33,0.5,0.8,-9,1,1,-9,0.33,0,-9,1,0.5,0,0,0,0.5,0.50,0.14,-9,-9,-9,-9,-9,-9,0,-9,-9,-9,-9,0.13,0.33,1,0,-9,0,0,-9,0,0,0,0,0.25,0,0,1,0,0,-9,-9,0,0.33,0.33,0,-9,1,0,1,0,1,1,1,0.42,0,1,1,-9,-9,-9,1,0,0,1,1
812,2008,Laos 59-NA,Laos,0.33,0.5,0.8,-9,1,1,-9,0.33,0,-9,1,0.5,0,0,0,0.87,0.63,0.21,-9,-9,-9,-9,-9,-9,0,-9,-9,-9,-9,0.13,0.33,1,0,-9,0,0,-9,0,0,0,0,0.25,0,0,1,0,0,-9,-9,0,0.33,0.33,0,1,0,0,1,0,1,0,0,0.5,0,1,1,-9,-9,-9,1,0,0,1,1
812,2009,Laos 59-NA,Laos,0.33,0.5,0.8,-9,1,1,-9,0.33,0,-9,1,0.5,0,0,0,0.87,0.63,0.14,-9,-9,-9,-9,-9,-9,0,-9,-9,-9,-9,0.14,0.50,1,0,-9,0,0,-9,0,0,0,0,0.25,0,0,1,0,0,-9,-9,0,0.33,0.33,0,1,1,0,1,1,1,0,1,0.66,0,1,1,-9,-9,-9,1,0,0,1,1
812,2010,Laos 59-NA,Laos,0.33,0.5,0.8,-9,1,1,-9,0.33,0,-9,1,0.5,0,0,0,0.87,0.75,0.21,-9,-9,-9,-9,-9,-9,0,-9,-9,-9,-9,0.24,0.50,1,0,-9,0,0,-9,0,0,0,0,0.25,0,0,1,0,0,-9,-9,0,0.33,0.33,0,1,0,0,1,0,1,1,0,0.66,0,1,1,-9,-9,-9,1,0,0,1,1
812,2011,Laos 59-NA,Laos,0.33,0.5,0.8,-9,1,1,1,0.33,0,-9,1,0.5,0,0,0,0.87,0.63,0.14,-9,-9,-9,-9,-9,-9,0,0.5,0.25,1,-9,0.24,0.50,1,0,1,0,0,0,0,0,0,0,0.25,0,0,1,0,0,0,0,0,0.33,0.33,1,1,1,0,1,0,1,0,0,0.66,0,1,1,-9,0,0,1,0,0,1,1
812,2012,Laos 59-NA,Laos,0.33,0.5,0.8,-9,1,1,-9,0.33,0,-9,1,0.5,0,0,0,0.87,-9,-9,-9,-9,-9,-9,-9,-9,0,-9,-9,-9,-9,0.23,0.50,1,0,-9,0,0,-9,0,0,0,0,0.25,0,0,1,0,0,-9,-9,0,0.33,0.33,0,0,0,0,1,0,1,1,1,0.75,0,1,1,-9,-9,-9,1,0,0,1,1
812,2013,Laos 59-NA,Laos,0.33,0.5,0.8,-9,1,1,-9,0.33,0,-9,1,0.5,0,0,0,0.87,-9,-9,-9,-9,-9,-9,-9,-9,0,-9,-9,-9,-9,0.22,0.50,1,0,-9,0,0,-9,0,0,0,0,0.25,0,0,1,0,0,-9,-9,0,0.33,0,0,1,1,0,1,0,1,1,1,0.75,0,1,1,-9,-9,-9,1,0,0,1,1
812,2014,Laos 59-NA,Laos,0.33,0.5,0.8,-9,1,1,-9,0.33,0,-9,1,0.5,0,0,0,0.87,-9,-9,-9,-9,-9,-9,-9,-9,0,-9,-9,-9,-9,0.22,0.50,1,0,-9,0,0,-9,0,0,0,0,0.25,0,0,1,0,0,-9,-9,0,0.33,0,-9,1,1,0,1,0,1,0,0,0.75,0,1,1,-9,-9,-9,1,0,0,1,1
812,2015,Laos 59-NA,Laos,0.33,0.5,0.8,-9,1,1,-9,0.33,0,-9,1,0.5,0,0,0,0.87,-9,-9,-9,-9,-9,-9,-9,-9,0,-9,-9,-9,-9,0.22,0.50,1,0,-9,0,0,-9,0,0,0,0,0.25,0,0,1,0,0,-9,-9,0,0.33,0,-9,0,1,0,1,1,1,-9,1,0.75,0,1,1,-9,-9,-9,1,0,0,1,1
816,1975,Vietnam 54-NA,Vietnam,0.66,1,0.6,-9,1,1,-9,0.33,0.5,-9,1,0.5,1,1,0,-9,-9,-9,-9,-9,-9,-9,-9,-9,0,-9,-9,-9,-9,0.10,0,1,1,0,1,0,0,1,1,0,0,-9,0,0.4,0.5,1,0,1,0,1,0.66,0.66,-9,-9,1,-9,-9,-9,-9,-9,-9,0,0,1,0,-9,0,0,1,0,0,1,1
816,1976,Vietnam 54-NA,Vietnam,0.66,1,0.6,-9,1,1,1,0.33,0.5,1,1,0.5,0,1,0,0,-9,-9,-9,-9,-9,-9,-9,-9,0,0,0.5,1,-9,0.10,0,1,0,0,1,0,0,1,1,0,0,-9,0,0.4,0.5,1,0,1,0,0.66,0.66,0.66,-9,-9,0,-9,-9,-9,-9,-9,-9,0,0,1,0,-9,0,0,1,0,0,1,1
816,1977,Vietnam 54-NA,Vietnam,0.66,1,0.6,-9,1,1,-9,0.33,0.5,-9,1,0.5,0,1,0,0.25,-9,-9,-9,-9,-9,-9,-9,-9,0,-9,-9,-9,-9,0.10,0,1,0,-9,1,0,-9,1,1,0,0,-9,0,0.4,0.5,1,0,-9,-9,0.66,0.66,0.66,-9,-9,1,-9,-9,-9,-9,-9,-9,0,0,1,0,-9,-9,-9,1,0,0,1,1
816,1978,Vietnam 54-NA,Vietnam,0.66,1,0.6,-9,1,1,-9,0.33,0.5,-9,1,0.5,0,1,0,0.25,-9,-9,-9,-9,-9,-9,-9,-9,0,-9,-9,-9,-9,0.10,0,1,0,-9,1,0,-9,1,1,0,0,-9,0,0.4,0.5,1,0,-9,-9,0.66,0.66,0.66,-9,-9,1,-9,-9,-9,-9,-9,-9,0,0,1,0,-9,-9,-9,1,0,0,1,1
816,1979,Vietnam 54-NA,Vietnam,0.66,1,0.6,-9,1,1,-9,0.33,0.5,-9,1,0.5,0,1,0,0.12,-9,-9,-9,-9,-9,-9,-9,-9,0,-9,-9,-9,-9,0.10,0,1,0,-9,1,0,-9,1,1,0,0,-9,0,0.4,0.5,1,0,-9,-9,0.66,0.66,0.66,-9,-9,0,-9,-9,-9,-9,-9,-9,0,0,1,0,-9,-9,-9,1,0,0,1,1
816,1980,Vietnam 54-NA,Vietnam,0.66,1,0.6,-9,1,1,-9,0.33,0.5,-9,1,0.5,0,1,0,0.5,-9,-9,-9,-9,-9,-9,-9,-9,0,-9,-9,-9,-9,0.10,0,1,0,-9,1,0,-9,1,1,0,0,-9,0,0.4,0.5,1,0,-9,-9,0.66,0.66,0.66,-9,-9,1,-9,-9,-9,-9,-9,-9,0,0,1,0,-9,-9,-9,1,0,0,1,1
816,1981,Vietnam 54-NA,Vietnam,0.66,1,0.6,-9,1,1,1,0.33,0.5,1,1,0.5,0,1,0,0.5,0.38,0,-9,-9,-9,-9,-9,-9,0,0,0.5,1,-9,0.10,0,1,0,0,1,0,0,1,1,0,0,-9,0,0.4,0.5,1,0,1,0,0.66,0.66,0.66,-9,-9,1,-9,-9,-9,-9,-9,-9,0.16,0,1,0,-9,1,0,1,0,0,1,1
816,1982,Vietnam 54-NA,Vietnam,0.66,1,0.6,-9,1,1,-9,0.33,0.5,-9,1,0.5,0,1,0,0.5,0.38,0,-9,-9,-9,-9,-9,-9,0,-9,-9,-9,-9,0.09,0,1,0,-9,1,0,-9,1,1,0,0,-9,0,0.4,0.5,1,0,-9,-9,0.66,0.66,0.66,-9,-9,0,-9,-9,-9,-9,-9,-9,0.83,0,1,0,-9,-9,-9,1,0,0,1,1
816,1983,Vietnam 54-NA,Vietnam,0.66,1,0.6,-9,1,1,-9,0.33,0.5,-9,1,0.5,0,1,0,0.5,0.13,0,-9,-9,-9,-9,-9,-9,0,-9,-9,-9,-9,0.09,0,1,0,-9,1,0,-9,1,1,0,0,-9,0,0.4,0.5,1,0,-9,-9,0.66,0.66,0.66,-9,-9,0,-9,-9,-9,-9,-9,-9,0.83,0,1,0,-9,-9,-9,1,0,0,1,1
816,1984,Vietnam 54-NA,Vietnam,0.66,1,0.6,-9,1,1,-9,0.33,0.5,-9,1,0.5,0,1,0,0.37,0.38,0,-9,-9,-9,-9,-9,-9,0,-9,-9,-9,-9,0.09,0,1,0,-9,1,0,-9,1,1,0,0,-9,0,0.4,0.5,1,0,-9,-9,0.66,0.66,0.66,-9,-9,1,-9,-9,-9,-9,-9,-9,0.83,0,1,0,-9,-9,-9,1,0,0,1,1
816,1985,Vietnam 54-NA,Vietnam,0.66,1,0.6,-9,1,1,-9,0.33,0.5,-9,1,0.5,0,1,0,0.5,0.25,0,-9,-9,-9,-9,-9,-9,0,-9,-9,-9,-9,0.09,0,1,0,-9,1,0,-9,1,1,0,0,-9,0,0.4,0.5,1,0,-9,-9,0.66,0.66,0.66,-9,-9,0,-9,1,-9,-9,-9,-9,0.72,0,1,0,-9,-9,-9,1,0,0,1,1
816,1986,Vietnam 54-NA,Vietnam,0.66,1,0.6,-9,1,1,-9,0.33,0.5,-9,1,0.5,0,1,0,0.37,0.25,0,-9,-9,-9,-9,-9,-9,0,-9,-9,-9,-9,0.18,0,1,0,-9,1,0,-9,1,1,0,0,-9,0,0.4,0.5,1,0,-9,-9,0.66,0.66,0.66,-9,-9,1,-9,1,-9,-9,-9,-9,0.72,0,1,0,-9,-9,-9,1,0,0,1,1
816,1987,Vietnam 54-NA,Vietnam,0.66,1,0.6,-9,1,1,1,0.33,0.5,1,1,0.5,0,1,0,0.37,0.25,0,-9,-9,-9,-9,-9,-9,0,0,0.5,1,-9,0.30,0,1,0,0,1,0,0,1,1,0,0,-9,0,0.4,0.5,1,0,1,0,0.66,0.66,0.33,1,-9,1,-9,1,-9,-9,-9,-9,0.72,0,1,0,-9,1,0,1,0,0,1,1
816,1988,Vietnam 54-NA,Vietnam,0.66,1,0.6,-9,1,1,-9,0.33,0.5,-9,1,0.5,0,1,0,0.5,0.38,0,-9,-9,-9,-9,-9,-9,0,-9,-9,-9,-9,0.30,0,1,0,-9,1,0,-9,1,1,0,0,-9,0,0.4,0.5,1,0,-9,-9,0.66,0.66,0.33,1,-9,0,-9,0,-9,-9,-9,-9,0.72,0,1,0,-9,-9,-9,1,0,0,1,1
816,1989,Vietnam 54-NA,Vietnam,0.66,1,0.6,-9,1,1,-9,0.33,0.5,-9,1,0.5,0,1,0,0.5,0.25,0.07,-9,-9,-9,-9,-9,-9,0,-9,-9,-9,-9,0.31,0,1,0,-9,1,0,-9,1,1,0,0,-9,0,0.4,0.5,1,0,-9,-9,0.66,0.66,0.33,1,-9,0,1,0,-9,-9,-9,-9,0.72,0,1,0,-9,-9,-9,1,0,0,1,1
816,1990,Vietnam 54-NA,Vietnam,0.66,1,0.6,-9,1,1,-9,0.33,0.5,-9,1,0.5,0,1,0,0.5,0.50,0.07,-9,-9,-9,-9,-9,-9,0,-9,-9,-9,-9,0.32,0,1,0,-9,1,0,-9,1,1,0,0,-9,0,0.4,0.5,1,0,-9,-9,0.66,0.66,0.33,1,-9,1,1,0,-9,-9,-9,-9,0.75,0,1,0,-9,-9,-9,1,0,0,1,1
816,1991,Vietnam 54-NA,Vietnam,0.66,1,0.6,-9,1,1,-9,0.33,0,-9,1,0.5,0,1,0,0.5,0.50,0.07,-9,-9,-9,-9,-9,-9,0,-9,-9,-9,-9,0.32,0,1,0,-9,1,0,-9,1,1,0,0,-9,0,0.4,0.5,1,0,-9,-9,0.66,0.66,0.33,0,-9,1,0,1,-9,1,-9,-9,0.6,0,1,0,-9,-9,-9,1,0,0,1,1
816,1992,Vietnam 54-NA,Vietnam,0.66,1,0.6,0.66,1,1,1,0.33,0,-9,1,0.5,0,1,0,0.62,0.63,0.14,-9,-9,-9,-9,-9,-9,0,0.25,0.5,1,-9,0.32,0.83,1,0,0,1,0,0,1,1,0,0,-9,0,0.4,0.5,1,0,1,0,0.33,0.66,0.33,0,-9,1,1,1,-9,1,-9,-9,0.6,0,1,0,-9,0,0,1,0,0,1,1
816,1993,Vietnam 54-NA,Vietnam,0.66,1,0.6,-9,1,1,-9,0.33,0,-9,1,0.5,0,1,0,0.75,0.63,0.14,-9,-9,-9,-9,-9,-9,0,-9,-9,-9,-9,0.36,0.83,1,0,-9,1,0,-9,1,1,0,0,-9,0,0.4,0.5,1,0,-9,-9,0.33,0.66,0.33,0,-9,1,0,1,-9,0,-9,-9,0.6,0,1,0,-9,-9,-9,1,0,0,1,1
816,1994,Vietnam 54-NA,Vietnam,0.66,1,0.6,-9,1,1,-9,0.33,0,-9,1,0.5,0,1,0,0.62,0.50,0.21,-9,-9,-9,-9,-9,-9,0,-9,-9,-9,-9,0.36,0.83,1,0,-9,1,0,-9,1,1,0,0,-9,0,0.4,0.5,1,0,-9,-9,0.33,0.66,0.33,1,1,1,1,1,-9,1,-9,-9,0.6,0,1,0,-9,-9,-9,1,0,0,1,1
816,1995,Vietnam 54-NA,Vietnam,0.66,1,0.6,-9,1,1,-9,0.33,0,-9,1,0.5,0,1,0,0.75,0.63,0.14,-9,-9,-9,-9,-9,-9,0,-9,-9,-9,-9,0.36,0.83,1,0,-9,1,0,-9,1,1,0,0,-9,0,0.4,0.5,1,0,-9,-9,0.33,0.66,0.33,-9,1,0,0,1,-9,1,-9,-9,0.6,0,1,0,-9,-9,-9,1,1,0,1,1
816,1996,Vietnam 54-NA,Vietnam,0.66,1,0.6,-9,1,1,-9,0.33,0,-9,1,0.5,0,1,0,0.75,0.63,0.07,-9,-9,-9,-9,-9,-9,0,-9,-9,-9,-9,0.41,0.83,1,0,-9,1,0,-9,1,1,0,0.75,-9,0,0.4,0.5,1,0,-9,-9,0.33,0.66,0.33,-9,1,1,0,1,0,1,-9,-9,0.6,0,1,0,-9,-9,-9,1,1,0,1,1
816,1997,Vietnam 54-NA,Vietnam,0.66,1,0.6,-9,1,1,1,0.33,0,-9,1,0.5,0,1,0,0.62,0.63,0.14,-9,-9,-9,-9,-9,-9,0,0.25,0.5,1,-9,0.41,0.83,1,0,0,1,0,0,1,1,0,0.75,0.25,0,0.4,0.5,1,0,1,0,0.33,0.66,0.33,-9,0,0,0,1,0,0,-9,-9,0.6,0,1,0,-9,0,0,1,1,0,1,1
816,1998,Vietnam 54-NA,Vietnam,0.66,1,0.6,-9,1,1,-9,0.33,0,-9,1,0.5,0,1,0,0.75,0.50,0,-9,-9,-9,-9,-9,-9,0,-9,-9,-9,-9,0.41,0.83,1,0,-9,1,0,-9,1,1,0,0.75,0.25,0,0.4,0.5,1,0,-9,-9,0.33,0.33,0.33,-9,0,0,1,1,0,1,-9,-9,0.6,0,1,0,-9,-9,-9,1,1,0,1,1
816,1999,Vietnam 54-NA,Vietnam,0.66,1,0.6,-9,1,1,-9,0.33,0,-9,1,0.5,0,1,0,0.75,0.50,0,-9,-9,-9,-9,-9,-9,0,-9,-9,-9,-9,0.41,0.83,1,0,-9,1,0,-9,1,1,0,0.75,0.25,0,0.4,0.5,1,0,-9,-9,0.33,0.33,0.33,-9,0,0,1,1,0,1,-9,-9,0.6,0,1,1,-9,-9,-9,1,1,0,1,1
816,2000,Vietnam 54-NA,Vietnam,0.66,1,0.6,-9,1,1,-9,0.33,0,-9,1,0.5,0,1,0,0.62,0.50,0.07,-9,-9,-9,-9,-9,-9,0,-9,-9,-9,-9,0.42,0.83,1,0,-9,1,0,-9,1,1,0,0.75,0.25,0,0.4,0.5,1,0,-9,-9,0.33,0.33,0.33,-9,1,0,1,1,1,1,-9,1,0.6,0,1,1,-9,-9,-9,1,1,0,1,1
816,2001,Vietnam 54-NA,Vietnam,0.66,1,0.6,-9,1,1,-9,0.33,0,-9,1,0.5,0,1,0,0.62,0.25,0.07,-9,-9,-9,-9,-9,-9,0,-9,-9,-9,-9,0.42,0.83,1,0,-9,1,0,-9,1,1,0,0.75,0.25,0,0.4,0.5,1,0,-9,-9,0.33,0.33,0.33,-9,1,1,0,1,1,0,-9,1,0.6,1,1,1,-9,-9,-9,1,1,0,1,1
816,2002,Vietnam 54-NA,Vietnam,0.66,1,0.6,-9,1,1,1,0.33,0,-9,1,0.5,0,1,0,0.62,0.50,0.07,-9,-9,-9,-9,-9,-9,0,0.25,0.5,1,-9,0.44,0.83,1,0,0,1,0,0,1,1,1,0.75,0.25,0,0.4,0.5,1,0,1,0,0.33,0.33,0.33,-9,1,1,0,1,0,1,-9,0,0.6,1,1,1,-9,0,0,1,1,0,1,1
816,2003,Vietnam 54-NA,Vietnam,0.66,1,0.6,-9,1,1,-9,0.33,0,-9,1,0.5,0,1,0,0.5,0.50,0.07,-9,-9,-9,-9,-9,-9,0,-9,-9,-9,-9,0.44,0.83,1,0,-9,1,0,-9,1,1,1,0.75,0.25,0,0.4,0.5,1,0,-9,-9,0.33,0.33,0.33,1,1,1,1,1,0,0,-9,1,0.6,1,1,1,-9,-9,-9,1,1,0,1,1
816,2004,Vietnam 54-NA,Vietnam,0.66,1,0.6,-9,1,1,-9,0.33,0,-9,1,0.5,0,1,0,0.5,0.38,0.07,-9,-9,-9,-9,-9,-9,0,-9,-9,-9,-9,0.44,0.83,1,0,-9,1,0,-9,1,1,1,0.75,0.25,0,0.4,0.5,1,0,-9,-9,0.33,0.33,0.33,0,1,1,0,1,0,1,-9,1,0.6,0,1,1,-9,-9,-9,1,1,0,1,1
816,2005,Vietnam 54-NA,Vietnam,0.66,1,0.6,-9,1,1,-9,0.33,0,-9,1,0.5,0,1,0,0.5,0.63,0.07,-9,-9,-9,-9,-9,-9,0,-9,-9,-9,-9,0.44,0.83,1,0,-9,1,0,-9,1,1,1,0.75,0.25,0,0.4,0.5,1,0,-9,-9,0.33,0.33,0.33,0,0,1,0,1,0,0,-9,1,0.6,0,1,1,-9,-9,-9,1,1,0,1,1
816,2006,Vietnam 54-NA,Vietnam,0.66,1,0.6,-9,1,1,-9,0.33,0.5,-9,1,0.5,0,1,0,0.62,0.50,0.07,-9,-9,-9,-9,-9,-9,0,-9,-9,-9,-9,0.44,0.83,1,0,-9,1,0,-9,1,1,1,0.75,0.75,0,0.4,0.5,1,0,-9,-9,0.33,0.33,0.33,1,1,1,0,1,0,0,-9,1,0.6,0,1,1,-9,-9,-9,1,1,0,1,1
816,2007,Vietnam 54-NA,Vietnam,0.66,1,0.6,-9,1,1,1,0.33,0.5,-9,1,0.5,0,1,0,0.62,0.38,0.07,-9,-9,-9,-9,-9,-9,0,0.25,0.5,1,-9,0.44,0.83,1,0,0,1,0,0,1,1,1,0.75,0.75,0,0.4,0.5,1,0,1,0,0.33,0.33,0.33,1,0,1,1,1,0,1,-9,1,0.5,0,1,1,-9,0,0,1,1,0,1,1
816,2008,Vietnam 54-NA,Vietnam,0.66,1,0.6,-9,1,1,-9,0.33,0.5,-9,1,0.5,0,1,0,0.5,0.25,0.07,-9,-9,-9,-9,-9,-9,0,-9,-9,-9,-9,0.44,0.83,1,0,-9,1,0,-9,1,1,1,0.75,0.75,0,0.4,0.5,1,0,-9,-9,0.33,0.33,0.33,0,1,1,0,1,0,1,1,0,0.5,0,1,1,-9,-9,-9,1,1,0,1,1
816,2009,Vietnam 54-NA,Vietnam,0.66,1,0.6,-9,1,1,-9,0.33,0.5,-9,1,0.5,0,1,0,0.62,0.50,0.07,-9,-9,-9,-9,-9,-9,0,-9,-9,-9,-9,0.44,0.17,1,0,-9,1,0,-9,1,1,1,0.75,0.75,0,0.4,0.5,1,0,-9,-9,0.33,0.33,0.33,1,0,0,1,1,0,0,0,1,0.5,0,1,1,-9,-9,-9,1,1,0,1,1
816,2010,Vietnam 54-NA,Vietnam,0.66,1,0.6,-9,1,1,-9,0.33,0.5,-9,1,0.5,0,1,0,0.62,0.38,0.07,-9,-9,-9,-9,-9,-9,0,-9,-9,-9,-9,0.44,0.42,1,0,-9,1,0,-9,1,1,1,0.75,0.75,0,0.4,0.5,1,0,-9,-9,0.33,0.33,0.33,1,1,1,0,1,0,1,1,1,0.5,0,1,1,-9,-9,-9,1,0,0,1,1
816,2011,Vietnam 54-NA,Vietnam,0.66,1,0.6,-9,1,1,1,0.33,0.5,-9,1,0.5,0,1,0,0.62,0.38,0.07,-9,-9,-9,-9,-9,-9,0,0.25,0.25,1,-9,0.44,0.42,1,0,0,1,0,0,1,1,1,0.75,0.75,1,0.4,0.5,1,0,1,0,0.33,0.33,0.33,0,1,0,1,1,0,1,0,0,0.5,0,1,1,-9,0,0,1,0,0,1,1
816,2012,Vietnam 54-NA,Vietnam,0.66,1,0.6,-9,1,1,-9,0.33,0.5,-9,1,0.5,0,1,0,0.5,-9,-9,-9,-9,-9,-9,-9,-9,0,-9,-9,-9,-9,0.40,0.58,1,0,-9,1,0,-9,1,1,1,0.75,0.75,1,0.4,0.5,1,0,-9,-9,0.33,0.33,0.33,1,0,1,0,1,0,1,1,1,0.5,0,1,1,-9,-9,-9,1,0,1,1,1
816,2013,Vietnam 54-NA,Vietnam,0.66,1,0.6,-9,1,1,-9,0.33,0.5,-9,1,0.5,0,1,0,0.5,-9,-9,-9,-9,-9,-9,-9,-9,0,-9,-9,-9,-9,0.38,0.58,1,0,-9,1,0,-9,1,1,1,0.75,0.75,1,0.4,0.5,1,0,-9,-9,0.66,0.66,0.66,1,0,1,0,1,0,0,0,1,0.5,0,1,1,-9,-9,-9,1,1,1,1,1
816,2014,Vietnam 54-NA,Vietnam,0.66,1,0.6,-9,1,1,-9,0.33,0.5,-9,1,0.5,0,1,0,0.5,-9,-9,-9,-9,-9,-9,-9,-9,0,-9,-9,-9,-9,0.38,0.58,1,0,-9,1,0,-9,1,1,1,0.75,0.75,1,0.4,0.5,1,0,-9,-9,0.66,0.66,0.66,1,-9,1,0,1,0,1,-9,0,0.5,1,1,1,-9,-9,-9,1,1,1,1,1
816,2015,Vietnam 54-NA,Vietnam,0.66,1,0.6,-9,1,1,-9,0.66,0.5,-9,1,0.5,0,1,0,0.5,-9,-9,-9,-9,-9,-9,-9,-9,0,-9,-9,-9,-9,0.38,0.58,1,0,-9,1,0,-9,1,1,1,0.75,0.75,1,0.4,0.5,1,0,-9,-9,0.66,0.66,0.66,1,-9,1,0,1,1,0,-9,0,0.66,1,1,1,-9,-9,-9,1,0,1,1,1
820,1975,Malaysia 57-NA,Malaysia,0.33,0.5,0.8,-9,1,1,-9,0.66,0.5,-9,1,1,0,1,0,-9,-9,-9,1,1,0,1,0,0,1,-9,-9,-9,-9,0.27,0,1,0,-9,1,0,-9,0.5,0,0,0,-9,0,0.4,0,0,0,-9,-9,0.66,0.66,0.66,1,-9,0,1,1,0,-9,-9,-9,0,0,1,1,-9,-9,-9,0,1,0,1,1
820,1976,Malaysia 57-NA,Malaysia,0.33,0.5,0.8,-9,1,1,-9,0.66,0.5,-9,1,1,0,1,0,0.62,-9,-9,1,1,0,1,0,0,1,-9,-9,-9,-9,0.27,0,1,0,-9,1,0,-9,0.5,0,0,0,-9,0,0.4,0,0,0,-9,-9,0.66,0.66,0.66,0,-9,1,0,0,0,-9,-9,-9,0,0,1,1,-9,-9,-9,0,1,0,1,1
820,1977,Malaysia 57-NA,Malaysia,0.33,0.5,0.8,-9,1,1,-9,0.66,0.5,-9,1,1,0,1,0,0.62,-9,-9,1,1,0,1,0,0,1,-9,-9,-9,-9,0.27,0,1,0,-9,1,0,-9,0.5,0,0,0,-9,0,0.4,0,0,0,-9,-9,0.66,0.66,0.66,1,-9,1,1,0,0,-9,-9,-9,0,0,1,1,-9,-9,-9,0,1,0,1,1
820,1978,Malaysia 57-NA,Malaysia,0.33,0.5,0.8,-9,1,1,1,0.66,0.5,1,1,1,0,1,0,0.5,-9,-9,0,1,0,1,0,0,1,0.75,0.5,1,-9,0.27,0,1,0,1,1,0,0,0.5,0,0,0,-9,0,0.4,0,0,0,1,0,0.66,0.66,0.66,0,-9,1,1,0,0,-9,-9,-9,0,0,1,1,-9,0,0,0,1,0,1,1
820,1979,Malaysia 57-NA,Malaysia,0.33,0.5,0.8,-9,1,1,-9,0.66,0.5,-9,1,1,0,1,0,0.5,-9,-9,1,1,0,1,0,0,1,-9,-9,-9,-9,0.27,0,1,0,-9,1,0,-9,0.5,0,0,0,-9,0,0.4,0,0,0,-9,-9,0.66,0.66,0.66,0,-9,1,1,1,0,-9,1,-9,0,0,1,1,-9,-9,-9,0,1,0,1,1
820,1980,Malaysia 57-NA,Malaysia,0.33,0.5,0.8,-9,1,1,-9,0.66,0.5,-9,1,1,0,1,0,0.75,-9,-9,1,1,0,1,0,0,1,-9,-9,-9,-9,0.42,0,1,0,-9,1,0,-9,0.5,0,0,0,-9,0,0.4,0,0,0,-9,-9,0.66,0.66,0.66,1,-9,1,1,0,0,-9,1,-9,0,0,1,1,-9,-9,-9,0,1,0,1,1
820,1981,Malaysia 57-NA,Malaysia,0.33,0.5,0.8,-9,1,1,-9,0.66,0.5,-9,1,1,0,1,0,0.62,0.63,0.57,1,1,0,1,0,0,1,-9,-9,-9,-9,0.40,0,1,0,-9,1,0,-9,0.5,0,0,0,-9,0,0.4,0,0,0,-9,-9,0.66,0.33,0.33,1,-9,1,1,1,0,-9,1,-9,0,0,1,1,-9,-9,-9,0,1,0,1,1
820,1982,Malaysia 57-NA,Malaysia,0.33,0.5,0.8,-9,1,1,1,0.66,0.5,1,1,1,0,1,0,0.75,0.75,0.50,1,1,1,1,0,0,1,0.75,0.5,1,-9,0.40,0,1,0,1,1,0,0,0.5,0,0,0,-9,0,0.4,0,0,0,1,0,0.66,0.33,0.33,0,-9,1,0,0,0,-9,1,-9,0,0,1,1,-9,0,0,0,1,0,1,1
820,1983,Malaysia 57-NA,Malaysia,0.33,0.5,0.8,-9,1,1,-9,0.66,0.5,-9,1,1,0,1,0,0.62,0.88,0.64,1,1,1,1,0,0,1,-9,-9,-9,-9,0.40,0,1,0,-9,1,0,-9,0.5,0,0,0,-9,0,0.4,0,0,1,-9,-9,0.66,0.33,0.33,0,-9,0,1,1,0,-9,-9,-9,0,0,1,1,-9,-9,-9,0,1,0,1,1
820,1984,Malaysia 57-NA,Malaysia,0.33,0.5,0.8,-9,1,1,-9,0.66,0.5,-9,1,1,0,1,0,0.75,0.75,0.43,1,1,1,1,0,0,1,-9,-9,-9,-9,0.40,0,1,0,-9,1,0,-9,0.5,0,0,0,-9,0,0.4,0,0,1,-9,-9,0.66,0.33,0.33,0,-9,0,1,1,0,-9,0,-9,0,0,1,1,-9,-9,-9,0,1,0,1,1
820,1985,Malaysia 57-NA,Malaysia,0.33,0.5,0.8,-9,1,1,-9,0.66,0.5,-9,1,1,0,1,0,0.62,0.75,0.64,1,1,1,1,0,0,1,-9,-9,-9,-9,0.40,0,1,0,-9,1,0,-9,0.5,0,0,0,-9,0,0.4,0,0,1,-9,-9,0.66,0.33,0.33,0,-9,0,0,0,1,-9,1,-9,0,0,1,1,-9,-9,-9,0,1,0,1,1
820,1986,Malaysia 57-NA,Malaysia,0.33,0.5,0.8,-9,1,1,1,0.66,0.5,1,1,1,0,1,0,0.75,0.75,0.57,1,1,1,1,0,0,1,0.75,0.5,1,-9,0.40,0,1,0,1,1,0,0,0.5,0,0,0,-9,0,0.4,0,0,1,1,0,0.66,0.33,0.33,0,-9,0,1,0,1,-9,1,-9,0,0,1,1,-9,1,0,0,1,0,1,1
820,1987,Malaysia 57-NA,Malaysia,0.33,0.5,0.8,-9,1,1,-9,0.66,0.5,-9,1,1,0,1,0,0.75,0.63,0.43,1,1,0,1,0,0,1,-9,-9,-9,-9,0.40,0,1,0,-9,1,0,-9,0.5,0,0,0,-9,0,0.4,0,0,1,-9,-9,0.66,0.33,0.33,1,-9,0,1,1,1,-9,0,-9,0,0,1,1,-9,-9,-9,0,1,0,1,1
820,1988,Malaysia 57-NA,Malaysia,0.33,0.5,0.8,-9,1,1,-9,0.66,0.5,-9,1,1,0,1,0,0.75,0.63,0.64,1,1,0,1,0,0,1,-9,-9,-9,-9,0.40,0,1,0,-9,1,0,-9,0.5,0,0,0,-9,0,0.4,0,0,1,-9,-9,0.33,0.33,0.33,0,-9,1,0,0,0,-9,-9,-9,0,0,1,1,-9,-9,-9,0,1,0,1,1
820,1989,Malaysia 57-NA,Malaysia,0.33,0.5,0.8,-9,1,1,-9,0.66,0.5,-9,1,1,0,1,0,0.75,0.75,0.64,0,1,0,1,0,0,1,-9,-9,-9,-9,0.40,0,1,0,-9,1,0,-9,0.5,0,0,0,-9,0,0.4,0,0,1,-9,-9,0.33,0.33,0.33,1,-9,1,1,0,0,-9,-9,-9,0,0,1,1,-9,-9,-9,0,1,0,1,1
820,1990,Malaysia 57-NA,Malaysia,0.33,0.5,0.8,-9,1,1,1,0.66,0.5,1,1,1,0,1,0,0.75,0.38,0.50,0,1,1,1,0,0,1,1,0.25,1,-9,0.40,0,1,0,1,1,0,0,0.5,0,0,0,-9,0,0.4,0,0,1,1,0,0.33,0.33,0.33,0,-9,1,1,1,0,-9,-9,-9,0,0,1,1,-9,1,0,0,1,0,1,1
820,1991,Malaysia 57-NA,Malaysia,0.33,0.5,0.8,-9,1,1,-9,0.66,0.5,-9,1,1,0,1,0,0.62,0.63,0.50,1,1,1,1,1,0,1,-9,-9,-9,-9,0.40,0,1,0,-9,1,0,-9,0.5,0,0,0,-9,0,0.4,0,0,1,-9,-9,0.33,0.33,0.33,1,-9,1,0,0,0,1,-9,-9,0,0,1,1,-9,-9,-9,0,1,0,1,1
820,1992,Malaysia 57-NA,Malaysia,0.33,0.5,0.8,-9,1,1,-9,0.66,0.5,-9,1,1,0,1,0,0.75,0.75,0.43,1,1,1,1,0,0,1,-9,-9,-9,-9,0.40,0,1,0,-9,1,0,-9,0.5,0,0,0,-9,0,0.4,0,0,1,-9,-9,0.33,0.33,0.33,0,-9,1,0,0,0,0,0,-9,0,0,1,1,-9,-9,-9,0,0,0,1,1
820,1993,Malaysia 57-NA,Malaysia,0.33,0.5,0.8,-9,1,1,-9,0.66,0.5,-9,1,1,0,1,0,0.87,0.75,0.43,1,1,1,1,0,0,1,-9,-9,-9,-9,0.40,0,1,0,-9,1,0,-9,0.5,0,0,0,-9,0,0.4,0,0,1,-9,-9,0.33,0.33,0.33,0,-9,1,0,0,0,0,0,-9,0,1,1,1,-9,-9,-9,0,0,0,1,1
820,1994,Malaysia 57-NA,Malaysia,0.33,0.5,0.8,-9,1,1,-9,0.66,0.5,-9,1,1,0,1,0,0.75,0.63,0.28,1,1,1,1,0,0,1,-9,-9,-9,-9,0.40,0,1,0,-9,1,0,-9,0.5,0,0,0,-9,0,0.4,0,0,1,-9,-9,0.33,0.33,0.33,0,-9,0,0,0,0,1,1,-9,0.1,1,1,1,-9,-9,-9,0,0,0,1,1
820,1995,Malaysia 57-NA,Malaysia,0.33,0.5,0.8,-9,1,1,1,0.66,0.5,1,1,1,0,1,0,0.62,0.63,0.43,1,1,1,1,0,0,1,1,0.25,1,-9,0.40,0,1,0,1,1,0,0,0.5,0,0,0,-9,0,0.4,0,0,1,1,0,0.33,0.33,0.33,0,-9,0,1,0,0,1,0,-9,0.3,1,1,1,-9,0,0,0,1,0,1,1
820,1996,Malaysia 57-NA,Malaysia,0.33,0.5,0.8,-9,1,1,-9,0.66,0.5,-9,1,1,0,1,0,0.75,0.88,0.36,1,1,1,1,0,0,1,-9,-9,-9,-9,0.40,0,1,0,-9,1,0,-9,0.5,0,0,0,-9,1,0.4,0,0,1,-9,-9,0.33,0.33,0.33,0,1,1,0,0,0,1,1,-9,0.3,1,1,1,-9,-9,-9,0,1,0,1,1
820,1997,Malaysia 57-NA,Malaysia,0.33,0.5,0.8,-9,1,1,-9,0.66,0.5,-9,1,1,0,1,0,0.75,0.63,0.28,1,1,1,1,0,0,1,-9,-9,-9,-9,0.40,0,1,0,-9,1,0,-9,0.5,0,0,0,-9,1,0.4,1,0,1,-9,-9,0.33,0.33,0.33,0,1,1,1,0,0,1,0,-9,0.3,1,1,1,-9,-9,-9,0,1,0,1,1
820,1998,Malaysia 57-NA,Malaysia,0.33,0.5,0.8,-9,1,1,-9,0.66,0.5,-9,1,1,0,1,0,0.5,0.63,0.36,1,1,1,1,1,0,1,-9,-9,-9,-9,0.40,0,1,0,-9,1,0,-9,0.5,0,0,0,0.25,1,0.4,1,0,1,-9,-9,0.33,0.33,0.33,0,0,0,1,1,0,0,-9,-9,0.3,1,1,1,-9,-9,-9,0,1,0,1,1
820,1999,Malaysia 57-NA,Malaysia,0.33,0.5,0.8,-9,1,1,1,0.66,0.5,1,1,1,0,1,0,0.75,0.63,0.28,0,1,1,1,1,0,1,1,0.25,1,-9,0.54,0,1,0,1,1,0,0,0.5,0,0,0,0.25,1,0.4,1,0,1,1,0,0.33,0.33,0.33,1,0,1,0,0,0,0,1,-9,0.3,0,1,1,-9,0,0,0,1,0,1,1
820,2000,Malaysia 57-NA,Malaysia,0.33,0.5,0.8,-9,1,1,-9,0.66,0.5,-9,1,1,0,1,0,0.75,0.25,0.36,1,1,0,1,1,0,1,-9,-9,-9,-9,0.62,0,1,0,-9,1,0,-9,0.5,1,0,0,0.25,1,0.4,1,0,1,-9,-9,0.33,0.33,0.33,0,0,0,0,0,1,1,1,1,0.3,0,1,1,-9,-9,-9,0,1,0,1,1
820,2001,Malaysia 57-NA,Malaysia,0.33,0.5,0.8,-9,1,1,-9,0.66,0.5,-9,1,1,0,1,0,0.75,0.63,0.36,1,1,0,1,0,0,1,-9,-9,-9,-9,0.62,0,1,0,-9,1,0,-9,0.5,1,0,0,0.25,1,0.4,1,1,1,-9,-9,0.33,0.33,0.33,1,1,1,0,0,1,0,1,1,0.3,1,1,1,-9,-9,-9,0,1,1,1,1
820,2002,Malaysia 57-NA,Malaysia,0.33,0.5,0.8,-9,1,1,-9,0.66,0.5,-9,1,1,0,1,0,0.62,0.75,0.28,1,1,0,1,0,0,1,-9,-9,-9,-9,0.62,0,1,0,-9,1,0,-9,0.5,1,0,0,0.25,1,0.4,1,1,1,-9,-9,0.33,0.33,0.33,1,0,1,1,1,1,1,1,0,0.3,1,1,1,-9,-9,-9,0,1,1,1,1
820,2003,Malaysia 57-NA,Malaysia,0.33,0.5,0.8,-9,1,1,-9,0.66,0.5,-9,1,1,0,1,0,0.62,0.63,0.21,1,1,0,1,0,0,1,-9,-9,-9,-9,0.65,0,1,0,-9,1,0,-9,0.5,1,0,0,0.25,1,0.4,1,1,1,-9,-9,0.33,0.33,0.33,1,0,1,1,1,1,0,1,1,0.3,1,1,1,-9,-9,-9,0,1,1,1,1
820,2004,Malaysia 57-NA,Malaysia,0.33,0.5,0.8,-9,1,1,1,0.66,0.5,1,1,1,0,1,0,0.62,0.50,0.28,1,1,0,1,0,0,1,1,0.5,1,-9,0.65,0,1,0,1,1,0,0,0.5,1,0,0.75,0.25,1,0.8,1,1,1,1,0,0.33,0.33,0.33,0,0,1,1,1,1,1,0,0,0.3,0,1,1,-9,0,0,0,1,1,1,1
820,2005,Malaysia 57-NA,Malaysia,0.33,0.5,0.8,-9,1,1,-9,0.66,0.5,-9,1,1,0,1,0,0.62,0.63,0.21,1,1,1,1,0,0,1,-9,-9,-9,-9,0.65,0,1,0,-9,1,0,-9,0.5,1,0,0.75,0.25,1,0.8,1,1,1,-9,-9,0.33,0.33,0.33,0,0,0,0,0,0,1,-9,0,0.3,1,1,1,-9,-9,-9,0,1,1,1,1
820,2006,Malaysia 57-NA,Malaysia,0.33,0.5,0.8,-9,1,1,-9,0.66,0,-9,1,1,0,1,0,0.62,0.50,0.28,1,1,1,1,0,0,1,-9,-9,-9,-9,0.67,0,1,0,-9,1,0,-9,0.5,1,0,0.75,0.25,1,0.8,1,1,1,-9,-9,0.33,0.33,0.33,0,0,1,1,1,0,1,0,1,0.3,1,1,1,-9,-9,-9,0,1,0,1,1
820,2007,Malaysia 57-NA,Malaysia,0.33,0.5,0.8,-9,1,1,-9,0.66,0,-9,1,1,0,1,0,0.62,0.50,0.28,1,1,1,1,0,0,1,-9,-9,-9,-9,0.67,0,1,0,-9,1,0,-9,0.5,1,0,0.75,0.25,1,0.8,1,1,1,-9,-9,0.33,0.33,0.33,1,0,1,0,0,0,1,0,1,0.3,1,1,1,-9,-9,-9,0,1,0,1,1
820,2008,Malaysia 57-NA,Malaysia,0.33,0.5,0.8,-9,1,1,1,0.66,0,1,1,1,0,1,0,0.75,0.50,0.14,0,1,1,1,1,0,1,0.75,0.5,0,0,0.69,0,1,0,1,1,0,0,0.5,1,0,0.75,0.25,1,0.8,1,1,1,1,0,0.33,0.33,0.33,0,1,0,0,0,0,0,0,0,0.3,1,1,1,-9,0,0,0,1,0,1,1
820,2009,Malaysia 57-NA,Malaysia,0.33,0.5,0.8,-9,1,1,-9,0.66,0,-9,1,1,0,1,0,0.75,0.63,0.28,1,1,1,1,1,1,1,-9,-9,-9,-9,0.68,0,1,0,-9,1,0,-9,0.5,1,0,0.75,0.25,1,0.8,1,1,1,-9,-9,0.33,0.33,0.33,1,1,0,0,1,1,0,1,1,0.3,1,1,1,-9,-9,-9,0,1,0,1,1
820,2010,Malaysia 57-NA,Malaysia,0.33,0.5,0.8,-9,1,1,-9,0.66,0,-9,1,1,0,1,0,0.75,0.63,0.21,1,1,1,1,1,0,1,-9,-9,-9,-9,0.65,0,1,0,-9,1,0,-9,0.5,1,0,0.75,0.25,1,0.8,1,1,1,-9,-9,0.33,0.33,0.33,0,0,1,0,0,1,1,0,0,0.36,1,1,1,-9,-9,-9,0,1,0,1,1
820,2011,Malaysia 57-NA,Malaysia,0.33,0.5,0.8,-9,1,1,-9,0.66,0,-9,1,1,0,1,0,0.62,0.38,0.21,1,1,1,1,1,0,1,-9,-9,-9,-9,0.62,0,1,0,-9,1,0,-9,0.5,1,0,0.75,0.25,1,0.8,1,1,1,-9,-9,0.33,0.33,0.33,1,1,1,1,1,0,1,1,1,0.36,1,1,1,-9,-9,-9,0,1,0,1,1
820,2012,Malaysia 57-NA,Malaysia,0.33,0.5,0.8,-9,1,1,-9,0.66,0,-9,1,1,0,1,0,0.62,-9,-9,1,1,1,0,1,1,1,-9,-9,-9,-9,0.62,0.08,1,0,-9,1,0,-9,0.5,1,0,0.75,0.25,1,0.8,1,1,1,-9,-9,0.33,0.33,0.33,0,1,0,0,1,1,1,0,1,0.36,1,1,1,-9,-9,-9,0,1,0,1,1
820,2013,Malaysia 57-NA,Malaysia,0.33,0.5,0.8,-9,1,1,1,0.66,0,1,1,1,0,1,0,0.75,-9,-9,1,1,1,1,1,1,1,0.75,0.5,0,0,0.66,0.08,1,0,1,1,0,0,0.5,1,0,0.75,0.25,1,0.8,1,1,1,1,0,0.66,0.33,0.66,1,0,1,0,0,0,0,0,1,0.36,1,1,1,-9,0,0,0,1,0,1,1
820,2014,Malaysia 57-NA,Malaysia,0.33,0.5,0.8,-9,1,1,-9,0.66,0,-9,1,1,0,1,0,0.5,-9,-9,1,1,1,1,1,1,1,-9,-9,-9,-9,0.66,0.08,1,0,-9,1,0,-9,0.5,1,0,0.75,0.25,1,0.8,1,1,1,-9,-9,0.66,0.33,0.66,0,0,0,1,1,0,1,0,1,0.36,0,1,1,-9,-9,-9,0,1,0,1,1
820,2015,Malaysia 57-NA,Malaysia,0.33,0.5,0.8,-9,1,1,-9,0.33,0,-9,1,1,0,1,0,0.5,-9,-9,1,1,0,1,1,0,0,-9,-9,-9,-9,0.66,0.08,1,0,-9,1,0,-9,0.5,1,0,0.75,0.25,1,0.8,1,1,1,-9,-9,0.66,0.33,0.66,1,0,0,0,0,0,0,0,1,0.36,0,1,1,-9,-9,-9,0,1,0,1,1
830,1975,Singapore 65-NA,Singapore,1,0.5,0.8,-9,1,-9,-9,0.66,0.5,-9,1,0.5,0,1,0,-9,-9,-9,1,1,0,1,0,0,0,-9,-9,-9,-9,0.39,0,0,0,-9,0,0,-9,0,1,0,0.75,-9,0,0.4,0.5,0,0,-9,-9,1,1,1,1,1,0,0,1,0,-9,1,-9,0,0,1,1,-9,-9,-9,0,0,0,0,0
830,1976,Singapore 65-NA,Singapore,1,0.5,0.8,-9,1,-9,1,0.66,0.5,-9,1,0.5,0,1,0,0.62,-9,-9,1,1,0,1,1,0,0,0.25,0.5,1,-9,0.39,0,0,0,0,0,0,0,0,1,0,0.75,-9,0,0.4,0.5,0,0,0,0,1,1,1,1,0,0,0,1,1,-9,1,-9,0,0,1,1,-9,0,0,0,0,0,0,0
830,1977,Singapore 65-NA,Singapore,1,0.5,0.8,-9,1,-9,-9,0.66,0.5,-9,1,0.5,0,1,0,0.62,-9,-9,1,1,0,1,0,0,0,-9,-9,-9,-9,0.39,0,0,0,-9,0,0,-9,0,1,0,0.75,-9,0,0.4,0.5,0,0,-9,-9,1,1,1,1,1,1,0,1,0,-9,0,-9,0,0,1,1,-9,-9,-9,0,0,0,0,0
830,1978,Singapore 65-NA,Singapore,1,0.5,0.8,-9,1,-9,-9,0.66,0.5,-9,1,0.5,0,1,0,0.62,-9,-9,1,1,0,1,0,0,0,-9,-9,-9,-9,0.39,0,0,0,-9,0,0,-9,0,1,0,0.75,-9,0,0.4,0.5,0,0,-9,-9,1,1,1,0,0,1,0,1,0,-9,0,-9,0,0,1,1,-9,-9,-9,0,0,0,0,0
830,1979,Singapore 65-NA,Singapore,1,0.5,0.8,-9,1,-9,-9,0.66,0.5,-9,1,0.5,0,1,0,0.5,-9,-9,1,1,0,1,1,0,0,-9,-9,-9,-9,0.39,0,0,0,-9,0,0,-9,0,1,0,0.75,-9,0,0.4,0.5,0,0,-9,-9,1,1,1,0,1,1,0,1,0,-9,0,-9,0,0,1,1,-9,-9,-9,0,0,0,0,0
830,1980,Singapore 65-NA,Singapore,1,0.5,0.8,-9,1,-9,1,0.66,0.5,-9,1,0.5,0,1,0,0.5,-9,-9,1,1,0,1,1,0,0,0,0.5,1,-9,0.39,0,0,0,0,0,0,0,0,1,0,0.75,-9,0,0.4,0.5,0,0,0,0,1,1,1,0,1,1,1,1,0,-9,1,-9,0,0,1,1,-9,0,0,0,0,0,0,0
830,1981,Singapore 65-NA,Singapore,1,0.5,0.8,-9,1,-9,-9,0.66,0.5,-9,1,0.5,0,1,0,0.62,0.75,0.50,1,1,0,1,0,0,0,-9,-9,-9,-9,0.39,0,0,0,-9,0,0,-9,0,1,0,0.75,-9,0,0.4,0.5,0,0,-9,-9,1,1,1,1,1,1,1,1,0,-9,1,-9,0,0,1,1,-9,-9,-9,0,0,0,0,0
830,1982,Singapore 65-NA,Singapore,1,0.5,0.8,-9,1,-9,-9,0.66,0.5,-9,1,0.5,0,1,0,0.62,0.88,0.36,1,1,0,1,1,0,0,-9,-9,-9,-9,0.39,0,0,0,-9,0,0,-9,0,1,0,0.75,-9,0,0.4,0.5,0,0,-9,-9,1,1,1,0,1,0,0,1,0,-9,1,-9,0,0,1,1,-9,-9,-9,0,0,0,0,0
830,1983,Singapore 65-NA,Singapore,1,0.5,0.8,-9,1,-9,-9,0.66,0.5,-9,1,0.5,0,1,0,0.75,0.75,0.28,1,1,0,1,0,0,0,-9,-9,-9,-9,0.39,0,0,0,-9,0,0,-9,0,1,0,0.75,-9,0,0.4,0.5,0,0,-9,-9,1,1,1,0,0,0,0,1,1,-9,1,-9,0,0,1,1,-9,-9,-9,0,0,0,0,0
830,1984,Singapore 65-NA,Singapore,1,0.5,0.8,-9,1,-9,1,0.66,0.5,-9,1,0.5,0,1,0,0.75,0.75,0.28,1,1,0,1,1,1,0,0,0.5,1,-9,0.39,0,0,0,0,0,0,0,0,1,0,0.75,-9,0,0.4,0.5,0,0,0,0,1,1,1,1,0,1,1,1,0,-9,-9,-9,0,0,1,1,-9,0,0,0,0,0,0,0
830,1985,Singapore 65-NA,Singapore,1,0.5,0.8,-9,1,-9,-9,0.66,0.5,-9,1,1,0,1,0,0.87,0.88,0.50,1,1,0,1,0,1,0,-9,-9,-9,-9,0.39,0.42,0,0,-9,0,0,-9,0,1,0,0.75,-9,0,0.4,0.5,0,0,-9,-9,1,1,1,1,0,0,0,1,1,-9,-9,-9,0,0,1,1,-9,-9,-9,0,0,0,0,0
830,1986,Singapore 65-NA,Singapore,1,0.5,0.8,-9,1,-9,-9,0.66,0.5,-9,1,1,0,1,0,1,0.88,0.43,1,1,1,1,1,1,0,-9,-9,-9,-9,0.39,0.42,0,0,-9,0,0,-9,0,1,0,0.75,-9,0,0.4,0.5,0,0,-9,-9,1,1,1,0,0,1,1,0,1,-9,-9,-9,0,0,1,1,-9,-9,-9,0,0,0,0,0
830,1987,Singapore 65-NA,Singapore,1,0.5,0.8,-9,1,-9,-9,0.66,0.5,-9,1,1,0,1,0,0.75,0.75,0.28,1,1,0,1,0,0,0,-9,-9,-9,-9,0.39,0.42,1,0,-9,0,0,-9,0,1,0,0.75,-9,0,0.4,0.5,0,0,-9,-9,1,1,1,0,1,1,0,1,1,-9,-9,-9,0,0,1,1,-9,-9,-9,0,0,0,0,0
830,1988,Singapore 65-NA,Singapore,1,0.5,0.8,-9,1,-9,1,0.66,0.5,-9,1,1,0,1,0,0.75,0.88,0.57,1,1,0,1,1,0,0,0,0.5,1,-9,0.39,0.42,1,0,1,0,0,0,0,1,0,0.75,-9,0,0.4,0.5,0,1,0,0,1,1,1,0,1,1,0,1,1,-9,0,-9,0,0,1,1,-9,0,0,0,1,0,0,0
830,1989,Singapore 65-NA,Singapore,1,0.5,0.8,-9,1,-9,-9,0.66,0.5,-9,1,1,0,1,0,0.75,0.75,0.50,1,1,0,0,1,0,0,-9,-9,-9,-9,0.39,0.42,1,0,-9,0,0,-9,0,1,0,0.75,-9,0,0.4,0.5,0,1,-9,-9,1,1,1,0,1,0,1,1,0,-9,-9,-9,0,0,1,1,-9,-9,-9,0,0,0,0,0
830,1990,Singapore 65-NA,Singapore,1,0.5,0.8,-9,1,-9,-9,0.66,0.5,-9,1,1,0,1,0,0.75,0.75,0.43,1,1,0,0,1,0,0,-9,-9,-9,-9,0.44,0.42,1,0,-9,0,0,-9,0,1,0,0.75,-9,0,0.4,0.5,1,1,-9,-9,1,1,1,1,0,1,0,1,0,-9,-9,-9,0,0,1,1,-9,-9,-9,0,0,0,0,0
830,1991,Singapore 65-NA,Singapore,1,0.5,0.8,-9,1,1,1,0.66,1,-9,1,1,0,1,0,0.87,1.00,0.21,1,1,0,0,1,0,0,0,0.5,1,-9,0.44,0.42,1,0,1,1,0,0,0,1,0,0.75,-9,0,0.4,0.5,1,1,0,0,1,1,1,0,1,0,1,1,0,1,-9,-9,0,0,1,1,-9,0,0,0,0,0,0,0
830,1992,Singapore 65-NA,Singapore,1,0.5,0.8,-9,1,1,-9,0.66,1,-9,1,1,0,1,0,1,0.75,0.36,1,1,0,0,1,0,0,-9,-9,-9,-9,0.44,0.42,1,0,-9,1,0,-9,0,1,0,0.75,-9,0,0.4,0.5,1,1,-9,-9,1,1,1,1,1,0,1,1,0,0,-9,-9,0,0,1,1,-9,-9,-9,0,0,0,0,0
830,1993,Singapore 65-NA,Singapore,1,0.5,0.8,-9,1,1,-9,0.66,1,-9,1,1,0,1,0,0.87,1.00,0.21,1,1,0,0,1,0,0,-9,-9,-9,-9,0.44,0.42,1,0,-9,1,0,0,0,1,0,0.75,0.25,0,0.4,0.5,1,1,-9,-9,1,1,1,0,1,1,1,1,0,1,-9,-9,0,0,1,1,-9,-9,-9,0,0,0,0,0
830,1994,Singapore 65-NA,Singapore,1,0.5,0.8,-9,1,1,-9,0.66,1,-9,1,1,0,1,0,0.87,0.88,0.36,1,1,0,0,0,0,0,-9,-9,-9,-9,0.44,0.42,1,0,-9,1,0,-9,0,1,0,0.75,0.25,0,0.4,0.5,1,1,-9,-9,1,1,1,0,1,1,0,1,0,1,-9,-9,0,0,1,1,-9,-9,-9,0,0,0,1,0
830,1995,Singapore 65-NA,Singapore,1,0.5,0.8,-9,1,1,-9,0.66,1,-9,1,1,0,1,0,0.87,0.75,0.36,1,1,0,0,1,0,0,-9,-9,-9,-9,0.44,0.42,1,0,-9,1,0,-9,0,1,0,0.75,0.25,0,0.4,0.5,1,1,-9,-9,1,1,1,1,0,1,0,1,1,0,-9,-9,0.3,0,1,1,-9,-9,-9,0,1,0,1,0
830,1996,Singapore 65-NA,Singapore,1,0.5,0.8,-9,1,1,-9,0.66,1,-9,1,1,0,1,0,0.87,0.63,0.43,1,1,0,0,0,0,0,-9,-9,-9,-9,0.44,0.42,1,0,-9,1,0,-9,0,1,0,0.75,0.25,0,0.4,0.5,1,1,-9,-9,1,1,1,1,1,0,-9,1,1,0,-9,-9,0.3,0,1,1,-9,-9,-9,0,1,0,1,0
830,1997,Singapore 65-NA,Singapore,1,0.5,0.8,-9,1,1,1,0.66,1,-9,1,1,0,1,0,0.87,0.63,0.50,1,1,0,0,1,0,0,0,0.5,1,-9,0.44,0.42,1,0,1,1,0,0,0,1,0,0.75,0.25,0,0.4,0.5,1,1,0,0,1,1,1,1,0,1,-9,1,1,1,-9,-9,0.3,0,1,1,-9,0,0,0,0,0,1,0
830,1998,Singapore 65-NA,Singapore,1,0.5,0.8,-9,1,1,-9,0.66,1,-9,1,1,0,1,0,0.75,0.88,0.50,1,1,1,1,1,0,0,-9,-9,-9,-9,0.44,0.42,1,0,-9,1,0,-9,0,1,0,0.75,0.25,0,0.4,0.5,1,1,-9,-9,1,1,1,1,0,0,-9,0,1,0,-9,-9,0.3,0,1,1,-9,-9,-9,0,0,0,1,0
830,1999,Singapore 65-NA,Singapore,1,0.5,0.8,-9,1,1,-9,0.66,1,-9,1,1,0,1,0,0.75,0.75,0.50,1,1,1,1,1,0,0,-9,-9,-9,-9,0.44,0.42,1,0,-9,1,0,-9,0,1,0,0.75,0.25,0,0.4,0.5,1,1,-9,-9,1,1,1,0,0,1,-9,0,1,0,-9,-9,0.3,0,1,1,-9,-9,-9,0,0,0,1,0
830,2000,Singapore 65-NA,Singapore,1,0.5,0.8,-9,1,1,-9,0.66,1,-9,1,1,0,1,0,0.87,0.75,0.43,1,1,1,1,0,0,0,-9,-9,-9,-9,0.44,0.67,1,0,-9,1,0,-9,0,1,0,0.25,1,0,0.4,0.5,1,1,-9,-9,1,1,1,0,0,0,-9,1,1,1,0,1,0.3,0,1,1,-9,-9,-9,0,0,0,1,0
830,2001,Singapore 65-NA,Singapore,1,0.5,0.8,-9,1,1,1,0.66,1,-9,1,1,0,1,0,0.75,0.88,0.50,1,1,1,1,1,0,0,0,0.5,1,-9,0.44,0.67,1,0,1,1,0,0,0,1,0,0.25,1,0,0.4,0.5,1,1,0,0,1,1,1,1,0,1,-9,0,1,0,1,0,0.3,0,1,1,-9,0,0,0,0,0,1,1
830,2002,Singapore 65-NA,Singapore,1,0.5,0.8,-9,1,1,-9,0.66,1,-9,1,1,0,1,0,0.75,0.88,0.36,1,1,0,1,0,0,0,-9,-9,-9,-9,0.44,0.67,1,0,-9,1,0,-9,0,1,0,0.25,1,0,0.4,0.5,1,1,-9,-9,1,1,1,1,0,0,-9,1,1,0,1,1,0.3,0,1,1,-9,-9,-9,0,0,0,1,1
830,2003,Singapore 65-NA,Singapore,1,0.5,0.8,-9,1,1,-9,0.66,1,-9,1,1,0,1,0,0.75,1.00,0.28,1,1,1,1,1,0,0,-9,-9,-9,-9,0.44,0.67,1,0,-9,1,0,-9,0,1,0,0.25,1,0,0.4,0.5,1,1,-9,-9,1,1,1,0,0,1,-9,1,1,0,1,1,0.3,0,1,1,-9,-9,-9,0,0,0,1,1
830,2004,Singapore 65-NA,Singapore,1,0.5,0.8,-9,1,1,-9,0.66,1,-9,1,1,0,1,0,0.75,0.88,0.28,1,1,1,1,0,0,0,-9,-9,-9,-9,0.44,0.67,1,0,-9,1,0,-9,0,1,0,0.25,1,0,0.4,0.5,1,1,-9,-9,1,1,1,0,0,1,-9,1,1,1,0,0,0.3,0,1,1,-9,-9,-9,0,0,0,1,1
830,2005,Singapore 65-NA,Singapore,1,0.5,0.8,-9,1,1,-9,0.66,1,-9,1,1,0,1,0,0.75,0.75,0.36,1,1,1,1,1,0,0,-9,-9,-9,-9,0.44,0.67,1,0,-9,1,0,-9,0,1,0,0.25,1,0,0.4,0.5,1,1,-9,-9,1,1,1,0,0,0,-9,1,1,1,0,0,0.3,0,1,1,-9,-9,-9,0,0,0,1,1
830,2006,Singapore 65-NA,Singapore,1,0.5,0.8,-9,1,1,1,0.66,0.5,-9,1,1,0,1,0,0.87,0.63,0.36,1,1,0,1,1,0,0,0,0.5,1,-9,0.44,0.67,1,0,1,1,0,0,0,1,1,0.25,1,1,0.4,0.5,1,1,0,0,1,1,1,0,1,1,-9,1,1,1,0,0,0.3,0,1,1,-9,0,0,0,0,0,1,1
830,2007,Singapore 65-NA,Singapore,1,0.5,0.8,-9,1,1,-9,0.66,0.5,-9,1,1,0,1,0,0.87,0.88,0.43,1,1,0,1,1,0,0,-9,-9,-9,-9,0.44,0.67,1,0,-9,1,0,-9,0,1,1,0.25,1,1,0.4,0.5,1,1,-9,-9,1,1,1,0,1,1,-9,1,0,1,1,0,0.3,0,1,1,-9,-9,-9,0,0,0,1,1
830,2008,Singapore 65-NA,Singapore,1,0.5,0.8,-9,1,1,-9,0.66,0.5,-9,1,1,0,1,0,1,0.88,0.28,1,1,1,1,0,0,0,-9,-9,-9,-9,0.44,0.67,1,0,-9,1,0,-9,0,1,1,0.25,1,1,0.4,0.5,1,1,-9,-9,1,1,1,1,1,0,-9,1,0,0,0,1,0.3,0,1,1,-9,-9,-9,0,0,1,1,1
830,2009,Singapore 65-NA,Singapore,1,0.5,0.8,-9,1,1,-9,0.66,0.5,-9,1,1,0,1,0,0.87,1.00,0.36,1,1,1,1,0,0,0,-9,-9,-9,-9,0.44,0.75,1,0,-9,1,0,-9,0,1,1,0.25,1,1,0.4,0.5,1,1,-9,-9,1,1,1,1,0,1,-9,0,1,0,1,1,0.3,0,1,1,-9,-9,-9,0,0,1,1,1
830,2010,Singapore 65-NA,Singapore,1,0.5,0.8,-9,1,1,-9,0.66,0.5,-9,1,1,0,1,0,0.87,0.88,0.43,1,1,1,1,0,0,0,-9,-9,-9,-9,0.43,0.75,1,0,-9,1,0,-9,0,1,1,0.25,1,1,0.4,0.5,1,1,-9,-9,1,1,1,0,0,1,-9,1,0,1,1,0,0.3,0,1,1,-9,-9,-9,0,0,1,1,1
830,2011,Singapore 65-NA,Singapore,1,0.5,0.8,-9,1,1,1,0.66,0.5,-9,1,1,0,1,0,0.87,1.00,0.43,1,1,1,1,0,0,0,0,1,1,-9,0.43,0.75,1,0,1,1,0,0,0,1,1,0.25,1,1,0.4,0.5,1,1,0,0,1,1,1,0,1,0,-9,1,0,1,0,0,0.3,0,1,1,-9,0,0,0,0,1,1,1
830,2012,Singapore 65-NA,Singapore,1,0.5,0.8,-9,1,1,-9,0.66,0.5,-9,1,1,0,1,0,0.87,1.00,0.43,1,1,1,0,0,0,0,-9,-9,-9,-9,0.43,0.92,1,0,-9,1,0,-9,0,1,1,0.25,1,1,0.4,0.5,1,1,-9,-9,1,1,1,0,1,1,-9,1,0,1,1,1,0.3,0,1,1,-9,-9,-9,0,0,1,1,1
830,2013,Singapore 65-NA,Singapore,1,0.5,0.8,-9,1,1,-9,0.66,0.5,-9,1,1,0,1,0,1,1.00,0.43,1,1,1,1,0,0,0,-9,-9,-9,-9,0.43,0.92,1,0,-9,1,0,-9,0,1,1,0.25,1,1,0.4,0.5,1,1,-9,-9,1,1,1,0,0,1,-9,1,0,1,0,1,0.36,0,1,1,-9,-9,-9,0,1,1,1,1
830,2014,Singapore 65-NA,Singapore,1,0.5,0.8,-9,1,1,-9,0.66,0.5,-9,1,1,0,1,0,1,1.00,0.43,1,1,1,1,0,0,0,-9,-9,-9,-9,0.43,0.92,1,0,-9,1,0,-9,0,1,1,0.25,1,1,0.4,0.5,1,1,-9,-9,1,1,1,1,1,1,-9,1,1,1,-9,1,0.36,0,1,1,-9,-9,-9,0,1,1,1,1
830,2015,Singapore 65-NA,Singapore,1,0.5,0.8,-9,1,1,1,0.33,0.5,-9,1,1,0,1,0,1,-9,-9,1,1,1,0,0,0,0,0,1,1,-9,0.43,0.92,1,0,1,1,0,0,0,1,1,0.25,1,1,0.4,0.5,1,1,0,0,1,1,1,1,0,0,-9,0,1,1,-9,1,0.36,0,1,1,-9,0,0,0,1,1,1,1
850,1975,Indonesia 55-98,Indonesia,0.33,0.5,0.8,-9,1,0.5,-9,0.66,0.5,-9,1,1,0,1,0,-9,-9,-9,1,1,1,1,0,0,1,-9,-9,-9,-9,0.29,0,1,1,-9,1,0,-9,1,1,0,0,-9,0,0,0,0,1,-9,-9,0,0,0,1,1,-9,0,1,0,-9,-9,-9,0,0,0,1,-9,-9,-9,0,1,0,1,1
850,1976,Indonesia 55-98,Indonesia,0.33,0.5,0.8,-9,1,0.5,-9,0.66,0.5,-9,1,1,0,1,0,0.37,-9,-9,1,1,1,1,0,0,1,-9,-9,-9,-9,0.29,0,1,1,-9,1,0,-9,1,1,0,0,-9,0,0,0,0,1,-9,-9,0,0,0,0,1,-9,0,1,0,-9,-9,-9,0,0,0,1,-9,-9,-9,0,1,0,1,1
850,1977,Indonesia 55-98,Indonesia,0.33,0.5,0.8,-9,1,0.5,1,0.33,0.5,1,1,1,1,1,0,0.25,-9,-9,1,1,1,1,0,0,1,0.75,0.25,1,-9,0.29,0,1,1,1,1,0,0,1,1,0,0,-9,0,0,0,0,1,0,0,0,0,0,0,0,-9,0,1,0,-9,-9,-9,0,0,1,1,-9,0,0,0,1,0,1,1
850,1978,Indonesia 55-98,Indonesia,0.33,0.5,0.8,-9,1,0.5,-9,0.33,0.5,-9,1,1,1,1,0,0.37,-9,-9,1,1,1,1,0,0,1,-9,-9,-9,-9,0.29,0,1,1,-9,1,0,-9,1,1,0,0,-9,0,0,0,0,1,-9,-9,0,0,0,0,1,-9,1,1,0,-9,-9,-9,0,0,1,1,-9,-9,-9,0,1,0,1,1
850,1979,Indonesia 55-98,Indonesia,0.33,0.5,0.8,-9,1,0.5,-9,0.33,0.5,-9,1,1,1,1,0,0.5,-9,-9,1,1,1,1,0,0,1,-9,-9,-9,-9,0.29,0,1,1,-9,1,0,-9,1,1,0,0,-9,0,0,0,0,1,-9,-9,0,0,0,0,1,-9,1,0,0,-9,-9,-9,0,0,1,1,-9,-9,-9,0,1,0,1,1
850,1980,Indonesia 55-98,Indonesia,0.33,0.5,0.8,-9,1,0.5,-9,0.33,0.5,-9,1,1,1,1,0,0.37,-9,-9,1,1,1,1,0,0,1,-9,-9,-9,-9,0.29,0,1,1,-9,1,0,-9,1,1,0,0,-9,0,0,0,0,1,-9,-9,0,0,0,0,1,-9,0,1,0,-9,-9,-9,0,0,1,1,-9,-9,-9,0,1,0,1,1
850,1981,Indonesia 55-98,Indonesia,0.33,0.5,0.8,-9,1,0.5,-9,0.33,0.5,-9,1,1,1,1,0,0.25,0.25,0.36,1,1,1,1,0,0,1,-9,-9,-9,-9,0.29,0,1,1,-9,1,0,-9,1,1,0,0,-9,0,0,0,0,1,-9,-9,0,0,0,1,1,1,0,1,0,-9,-9,-9,0,0,1,1,-9,-9,-9,0,1,0,1,1
850,1982,Indonesia 55-98,Indonesia,0.33,0.5,0.8,-9,1,0.5,1,0.33,0.5,1,1,1,1,1,0,0.37,0.50,0.28,1,1,1,1,0,0,1,0.75,0.25,1,-9,0.29,0,1,1,1,1,0,0,1,1,0,0,-9,0,0,0,0,1,0,0,0,0,0,0,0,1,0,1,0,-9,-9,-9,0,0,1,1,-9,0,0,0,1,0,1,1
850,1983,Indonesia 55-98,Indonesia,0.33,0.5,0.8,-9,1,0.5,-9,0.33,0.5,-9,1,1,1,1,0,0.37,0.50,0.36,1,1,1,1,0,0,1,-9,-9,-9,-9,0.29,0,1,1,-9,1,0,-9,1,1,0,0,-9,0,0,0,0,1,-9,-9,0,0,0,0,0,1,0,0,0,-9,-9,-9,0,0,1,1,-9,-9,-9,0,1,0,1,1
850,1984,Indonesia 55-98,Indonesia,0.33,0.5,0.8,-9,1,0.5,-9,0.33,0.5,-9,1,1,1,1,0,0.25,0.13,0.36,1,1,1,1,0,0,1,-9,-9,-9,-9,0.29,0,1,1,-9,1,0,-9,1,1,0,0,-9,0,0,0,0,1,-9,-9,0,0,0,0,0,0,0,1,0,-9,-9,-9,0.16,0,1,1,-9,-9,-9,0,1,0,1,1
850,1985,Indonesia 55-98,Indonesia,0.33,0.5,0.8,-9,1,0.5,-9,0.33,0.5,-9,1,1,1,1,0,0.25,0.38,0.21,1,1,1,1,0,0,1,-9,-9,-9,-9,0.29,0,1,1,-9,1,0,-9,1,1,0,0,-9,0,0,0,0,1,-9,-9,0,0,0,0,1,1,0,0,0,-9,-9,-9,0.14,0,1,1,-9,-9,-9,0,1,0,1,1
850,1986,Indonesia 55-98,Indonesia,0.33,0.5,0.8,-9,1,0.5,-9,0.33,0.5,-9,1,1,1,1,0,0.5,0.63,0.21,1,1,1,1,0,0,1,-9,-9,-9,-9,0.29,0,1,1,-9,1,0,-9,1,1,0,0,-9,0,0,0,0,1,-9,-9,0,0,0,0,0,0,1,0,0,-9,-9,-9,0.14,0,1,1,-9,-9,-9,0,1,0,1,1
850,1987,Indonesia 55-98,Indonesia,0.33,0.5,0.8,-9,1,0.5,1,0.33,0.5,1,1,1,1,1,0,0.5,0.25,0.28,1,1,1,1,0,0,1,0.75,0.25,1,-9,0.29,0,1,1,1,1,0,0,1,1,0,0,-9,0,0,0,0,1,0,0,0,0,0,0,1,1,1,0,0,-9,-9,-9,0.14,0,1,1,-9,0,0,0,1,0,1,1
850,1988,Indonesia 55-98,Indonesia,0.33,0.5,0.8,-9,1,0.5,-9,0.33,0.5,-9,1,1,1,1,0,0.5,0.50,0.28,1,1,1,1,0,0,1,-9,-9,-9,-9,0.29,0,1,1,-9,1,0,-9,1,1,0,0,-9,0,0,0,0,1,-9,-9,0,0,0,0,1,1,1,1,0,-9,-9,-9,0.14,0,1,1,-9,-9,-9,0,1,0,1,1
850,1989,Indonesia 55-98,Indonesia,0.33,0.5,0.8,-9,1,0.5,-9,0.33,0.5,-9,1,1,1,1,0,0.5,0.50,0.28,1,1,1,1,0,0,1,-9,-9,-9,-9,0.29,0,1,1,-9,1,0,-9,1,1,0,0,-9,0,0,0,0,1,-9,-9,0,0,0,0,1,1,1,1,0,-9,1,-9,0.14,0,1,1,-9,-9,-9,0,1,0,1,1
850,1990,Indonesia 55-98,Indonesia,0.33,0.5,0.8,-9,1,0.5,-9,0.33,0.5,-9,1,1,1,1,0,0.37,0,0.36,1,1,1,0,0,0,1,-9,-9,-9,-9,0.29,0,1,1,-9,1,0,-9,1,1,0,0,-9,0,0,0,1,1,-9,-9,0,0,0,1,1,1,0,1,0,-9,-9,-9,0.22,0,1,1,-9,-9,-9,0,1,0,1,1
850,1991,Indonesia 55-98,Indonesia,0.33,0.5,0.8,-9,1,0.5,-9,0.33,0,-9,1,1,1,1,0,0.25,0.13,0.21,1,1,1,0,0,1,1,-9,-9,-9,-9,0.29,0,1,1,-9,1,0,-9,1,1,0,0,-9,0,0,0,1,1,-9,-9,0,0,0,0,0,1,0,1,0,1,-9,-9,0.2,1,1,0,-9,-9,-9,0,1,0,1,1
850,1992,Indonesia 55-98,Indonesia,0.33,0.5,0.8,-9,1,0.5,1,0.33,0,1,1,1,1,1,0,0.25,0.00,0.07,1,1,1,0,0,0,1,0.75,0.25,1,-9,0.29,0,1,1,1,1,0,0,1,1,0,0,-9,0,0,0,1,1,0,0,0,0,0,1,0,1,0,1,0,0,-9,-9,0.2,1,1,0,-9,0,0,0,0,0,1,1
850,1993,Indonesia 55-98,Indonesia,0.33,0.5,0.8,-9,1,0.5,-9,0.33,0,-9,1,1,1,1,0,0.25,0.13,0.07,1,1,1,0,0,0,1,-9,-9,-9,-9,0.29,0,1,1,-9,1,0,-9,1,1,0,0,0.75,0,0,0,1,1,-9,-9,0,0,0,0,0,1,1,1,0,0,-9,-9,0.2,1,1,0,-9,-9,-9,0,0,0,1,1
850,1994,Indonesia 55-98,Indonesia,0.33,0.5,0.8,-9,1,0.5,-9,0.33,0,-9,1,1,1,1,0,0.25,0.38,0.21,1,1,1,0,1,0,1,-9,-9,-9,-9,0.29,0,1,1,-9,1,0,-9,1,1,0,0,0.75,0,0,0,1,1,-9,-9,0,0,0,1,1,1,0,1,0,0,1,-9,0.2,1,1,0,-9,-9,-9,0,0,1,1,1
850,1995,Indonesia 55-98,Indonesia,0.33,0.5,0.8,-9,1,0.5,-9,0.33,0,-9,1,1,1,1,0,0.25,0.38,0.14,1,1,1,0,1,0,1,-9,-9,-9,-9,0.29,0,1,1,-9,1,0,-9,1,1,0,0,0.75,0,0,0,1,1,-9,-9,0,0,0,0,0,1,0,1,0,1,1,-9,0.2,1,1,0,-9,-9,-9,0,1,1,1,1
850,1996,Indonesia 55-98,Indonesia,0.33,0.5,0.8,-9,1,0.5,-9,0.33,0,-9,1,1,1,1,0,0.37,0.13,0.21,1,1,0,0,1,0,1,-9,-9,-9,-9,0.29,0,1,1,-9,1,0,-9,1,1,0,0,0.75,0,0,0,1,1,-9,-9,0,0,0,1,0,1,0,1,0,0,1,-9,0.2,1,1,0,-9,-9,-9,0,1,1,1,1
850,1997,Indonesia 55-98,Indonesia,0.33,0.5,0.8,-9,1,0.5,1,0.33,0,1,1,1,1,1,0,0.37,0,0.21,1,1,0,0,1,0,1,0.75,0.25,0,0,0.29,0,1,1,1,1,0,0,1,1,0,0,0.75,0,0,0,1,1,0,1,0,0,0,1,1,0,0,1,0,0,0,-9,0.2,1,1,0,-9,1,0,0,1,1,1,1
850,1998,Indonesia 55-98,Indonesia,0.33,0.5,0.8,-9,1,0.5,-9,0.66,0,-9,1,1,1,1,0,0.25,0,0.21,1,1,0,0,1,0,0,-9,-9,-9,-9,0.49,0,1,1,-9,1,0,-9,1,1,0,0.25,0.75,0,0.4,0,1,1,-9,-9,0,0.33,0,0,0,0,1,0,0,0,-9,-9,0.3,1,1,1,-9,-9,-9,0,1,1,1,1
811,1975,Cambodia 55-NA,Cambodia,0.66,0,0.4,-9,1,0,-9,0.33,0.5,-9,0,0,0,0,0,-9,-9,-9,1,1,1,1,0,0,0,-9,-9,-9,-9,0.03,0,1,1,-9,0,0,0,0,1,0,0,-9,0,0,0,0,0,-9,-9,0.66,1,1,-9,-9,-9,-9,-9,-9,-9,-9,-9,0.2,0,1,0,-9,-9,-9,0,0,1,0,0
811,1976,Cambodia 55-NA,Cambodia,0.66,1,0.4,-9,1,0,1,0.33,-9,0,1,0.5,0,0,0,0,-9,-9,1,1,1,1,0,0,0,0.75,0,1,-9,0.02,0,1,1,0,0,0,0,0,1,0,0,-9,0,0,0,0,0,0,0,1,1,1,-9,-9,-9,-9,-9,-9,-9,-9,-9,0.2,0,1,0,-9,0,0,0,0,1,0,0
811,1977,Cambodia 55-NA,Cambodia,0.33,1,0.4,-9,1,0,-9,0.33,0.5,-9,1,0.5,0,0,0,0,-9,-9,1,1,1,1,0,0,0,-9,-9,-9,-9,0.02,0,1,1,-9,0,0,0,0,1,0,0,-9,0,0,0,0,0,-9,-9,1,1,1,-9,-9,-9,-9,-9,-9,-9,-9,-9,0.2,0,1,0,-9,-9,-9,0,0,1,0,0
811,1978,Cambodia 55-NA,Cambodia,0.33,1,0.4,-9,1,0,-9,0.33,0.5,-9,1,0.5,0,0,0,0.5,-9,-9,1,1,1,1,0,0,0,-9,-9,-9,-9,0.02,0,1,1,-9,0,0,0,0,1,0,0,-9,0,0,0,0,0,-9,-9,1,1,1,-9,-9,-9,-9,-9,-9,-9,-9,-9,0.2,0,1,0,-9,-9,-9,0,0,1,0,0
811,1979,Cambodia 55-NA,Cambodia,0.33,1,0.4,-9,1,0,-9,0.33,0.5,-9,0,0.5,0,0,0,0.5,-9,-9,1,1,1,1,0,0,0,-9,-9,-9,-9,0.02,0,1,1,-9,0,0,0,0,1,0,0,-9,0,0,0,0,0,-9,-9,1,1,0.66,-9,-9,-9,-9,-9,-9,-9,-9,-9,0.2,0,0,0,1,-9,-9,0,0,1,0,0
811,1980,Cambodia 55-NA,Cambodia,0,0,0.4,-9,1,-9,-9,0.33,0.5,-9,0,0.5,0,0,0,0.5,-9,-9,1,1,1,1,0,0,0,-9,-9,-9,-9,0.08,0,1,0,-9,0,0,0,0,1,0,0,-9,0,0,0,0,0,-9,-9,0.66,0,0.66,-9,-9,-9,-9,-9,-9,-9,-9,-9,0.16,0,1,1,-9,-9,-9,0,0,0,0,0
811,1981,Cambodia 55-NA,Cambodia,0,0,0.4,-9,1,-9,1,0.33,-9,0,1,0.5,0,0,0,0.5,-9,-9,1,1,1,1,0,0,0,0.75,0,1,-9,0.08,0,1,0,1,0,0,0,0,1,0,0,-9,0,0,0,0,0,0,0,0.66,0,0.66,-9,-9,-9,-9,-9,-9,-9,-9,-9,0.16,0,1,1,-9,0,0,0,0,0,0,0
811,1982,Cambodia 55-NA,Cambodia,0.33,0,0.4,-9,1,-9,-9,0.33,-9,-9,1,0.5,0,0,0,0.5,-9,-9,1,1,1,1,0,0,0,-9,-9,-9,-9,0.08,0,1,0,-9,0,0,0,0,1,0,0,-9,0,0,0,0,0,-9,-9,0.66,0,0.66,-9,-9,-9,-9,-9,-9,-9,-9,-9,0.16,0,1,1,-9,-9,-9,0,0,0,0,0
811,1983,Cambodia 55-NA,Cambodia,0.33,0,0.4,-9,1,-9,-9,0.33,0.5,-9,1,0.5,0,0,0,0.37,-9,-9,1,1,1,1,0,0,0,-9,-9,-9,-9,0.08,0,1,0,-9,0,0,0,0,1,0,0,-9,0,0,0,0,0,-9,-9,0.66,0,0.66,-9,-9,-9,-9,-9,-9,-9,-9,-9,0.32,0,1,1,-9,-9,-9,0,0,0,0,0
811,1984,Cambodia 55-NA,Cambodia,0.33,0,0.4,-9,1,-9,-9,0.33,0.5,-9,1,0.5,0,0,0,0.25,-9,-9,1,1,1,1,0,0,0,-9,-9,-9,-9,0.08,0,1,0,-9,0,0,0,0,1,0,0,-9,0,0,0,0,0,-9,-9,0.66,0,0.66,-9,-9,-9,-9,-9,-9,-9,-9,-9,0.32,0,1,1,-9,-9,-9,0,0,0,0,0
811,1985,Cambodia 55-NA,Cambodia,0.33,0,0.4,-9,1,1,-9,0.33,0.5,-9,1,0.5,0,0,0,0.37,-9,-9,1,1,1,1,0,0,0,-9,-9,-9,-9,0.08,0,1,0,-9,0,0,0,0,1,0,0,-9,0,0,0,0,0,-9,-9,0.66,0,0.66,-9,-9,-9,-9,-9,-9,-9,-9,-9,0.32,0,1,1,-9,-9,-9,0,0,0,0,0
811,1986,Cambodia 55-NA,Cambodia,0.33,0,0.4,-9,1,1,-9,0.33,0.5,-9,1,0.5,0,0,0,0.12,-9,-9,1,1,1,1,0,0,0,-9,-9,-9,-9,0.08,0,1,0,-9,0,0,0,0,1,0,0,-9,0,0,0,0,0,-9,-9,0.66,0,0.66,-9,-9,-9,-9,-9,-9,-9,-9,-9,0.32,0,1,1,-9,-9,-9,0,0,0,0,0
811,1987,Cambodia 55-NA,Cambodia,0.33,0,0.4,-9,1,1,-9,0.33,0.5,-9,1,0.5,0,0,0,0.25,-9,-9,1,1,1,1,0,0,0,-9,-9,-9,-9,0.08,0,1,0,-9,0,0,0,0,1,0,0,-9,0,0,0,0,0,-9,-9,0.66,0,0.66,-9,-9,-9,-9,-9,-9,-9,-9,-9,0.32,0,1,1,-9,-9,-9,0,0,0,0,0
811,1988,Cambodia 55-NA,Cambodia,0.33,0,0.4,-9,1,1,-9,0.33,0.5,-9,1,0.5,0,0,0,0.37,0.13,0,1,1,1,1,0,0,0,-9,-9,-9,-9,0.08,0,1,0,-9,0,0,0,0,1,0,0,-9,0,0,0,0,0,-9,-9,0.66,0,0.66,-9,-9,-9,-9,-9,-9,-9,-9,-9,0.32,0,1,1,-9,-9,-9,0,0,0,0,0
811,1989,Cambodia 55-NA,Cambodia,0.33,0,0.4,-9,1,1,-9,0.33,0.5,-9,1,0.5,0,0,0,0.37,0.13,0,1,1,1,1,0,0,0,-9,-9,-9,-9,0.08,0,1,0,-9,0,0,0,0,1,0,0,-9,0,0,0,0,0,-9,-9,0.66,0,0.66,-9,-9,-9,-9,-9,-9,-9,-9,-9,0.32,0,0,1,-9,-9,-9,0,0,0,0,0
811,1990,Cambodia 55-NA,Cambodia,0.33,0,0.4,-9,1,1,-9,0.33,0.5,-9,1,0.5,0,0,0,0.37,0.13,0.71,1,1,1,1,0,0,0,-9,-9,-9,-9,0.15,0,1,0,-9,0,0,0,0.5,1,0,0,-9,0,0,0,1,0,-9,-9,0.66,0,0.66,-9,-9,-9,-9,-9,-9,-9,-9,-9,0.22,0,1,1,0,-9,-9,0,0,0,0,0
811,1991,Cambodia 55-NA,Cambodia,0.33,0,0.4,-9,1,1,-9,0.33,0.5,-9,1,0.5,0,0,0,0.37,0.38,0,1,1,1,1,0,0,0,-9,-9,-9,-9,0.15,0,1,0,-9,0,0,0,0.5,1,0,0,-9,0,0,0,1,0,-9,-9,0.66,0,0.66,-9,-9,-9,-9,-9,-9,1,-9,-9,0.2,0,0,1,0,-9,-9,0,0,0,0,0
811,1992,Cambodia 55-NA,Cambodia,0.33,0,0.4,-9,1,0,-9,1,0.5,-9,1,0.5,0,0,0,0.5,0.13,0.21,1,1,1,1,0,0,0,-9,-9,-9,-9,0.36,0,1,0,-9,0,0,0,0.5,1,0,0,-9,0,0.2,0,1,0,-9,-9,0.66,0,0.66,-9,-9,1,-9,-9,-9,0,-9,-9,0.8,0,0,0,0,-9,-9,0,0,0,0,0
811,1993,Cambodia 55-NA,Cambodia,0.33,0.5,0.4,0.66,1,0,1,0.66,0.5,0,1,1,0,0,0,0.25,0.25,0.57,1,1,1,1,0,0,0,0.75,0.5,1,-9,0.53,0.08,1,0,1,0,0,0,0.5,1,0,0.25,1,0,0.4,0,1,0,1,0,0.33,0,0,1,-9,1,-9,1,-9,1,-9,-9,0.8,0,0,0,0,1,0,0,0,0,0,0
811,1994,Cambodia 55-NA,Cambodia,1,0.5,0.8,-9,1,1,-9,1,0,-9,1,1,0,0,0,0.25,0.13,0.64,1,1,1,1,0,0,0,-9,-9,-9,-9,0.59,0.08,1,0,-9,0,0,0,0.5,1,0,0.25,1,0,0.4,0,1,0,-9,-9,0,0,0,1,-9,1,-9,1,-9,0,-9,-9,0.8,0,0,0,-9,-9,-9,0,0,0,0,0
811,1995,Cambodia 55-NA,Cambodia,1,0.5,0.8,-9,1,1,-9,1,0,-9,1,1,0,0,0,0.37,0.25,0.64,0,1,1,1,0,0,0,-9,-9,-9,-9,0.59,0.08,1,0,-9,0,0,0,0.5,1,0,0.25,1,0,0.4,0,1,0,-9,-9,0,0,0,0,-9,1,-9,1,1,1,-9,-9,0.8,0,0,0,-9,-9,-9,0,0,0,0,0
811,1996,Cambodia 55-NA,Cambodia,1,0.5,0.8,-9,1,1,-9,1,0,-9,1,1,0,0,0,0.37,0.25,0.64,1,1,1,1,0,0,0,-9,-9,-9,-9,0.59,0.08,1,0,-9,0,0,0,0.5,1,0,0.25,1,0,0.4,0,1,0,-9,-9,0,0,0,0,-9,1,1,0,0,0,-9,-9,0.8,0,0,0,-9,-9,-9,0,0,0,0,0
811,1997,Cambodia 55-NA,Cambodia,1,0.5,0.8,-9,1,1,-9,1,0,-9,1,1,0,0,0,0.37,0.25,0.64,1,1,0,1,1,0,0,-9,-9,-9,-9,0.59,0.08,1,0,-9,0,0,0,0.5,1,0,0.25,1,0,0.4,0,1,0,-9,-9,0,0,0,0,-9,0,0,0,0,1,-9,-9,0.8,0,0,0,-9,-9,-9,0,0,0,0,0
811,1998,Cambodia 55-NA,Cambodia,1,0.5,0.8,-9,0,1,1,1,0,0,1,1,0,0,0,0.37,0,0.64,1,1,0,1,1,0,1,0.75,0.25,0,0,0.61,0.08,1,0,1,0,0,0,0.5,1,0,0.25,1,0,0.4,0,1,0,1,1,0,0,0,0,-9,1,1,0,0,1,1,-9,0.8,0,0,0,-9,1,0,0,1,0,0,0
811,1999,Cambodia 55-NA,Cambodia,1,0.5,0.8,-9,1,1,-9,1,0,-9,1,1,0,0,0,0.5,0.38,0.85,1,1,1,1,0,0,1,-9,-9,-9,-9,0.61,0.08,1,0,-9,0,0,0,0.5,1,0,0.25,1,0,0.4,1,1,0,-9,-9,0,0,0,0,-9,0,0,1,0,1,-9,-9,0.8,0,1,0,-9,-9,-9,0,1,0,0,0
811,2000,Cambodia 55-NA,Cambodia,1,0.5,0.8,-9,1,1,-9,0.66,0,-9,1,1,0,0,0,0.62,0.50,0.64,1,1,1,1,0,0,1,-9,-9,-9,-9,0.61,0.08,1,0,-9,0,0,0,0.5,1,0,0.25,1,0,0.4,1,1,0,-9,-9,0,0,0,0,-9,0,1,1,1,0,1,1,0.8,0,1,1,-9,-9,-9,0,0,0,0,0
811,2001,Cambodia 55-NA,Cambodia,1,0.5,0.8,-9,1,1,-9,0.66,0,-9,1,1,0,0,0,0.62,0.63,0.71,1,1,1,1,0,0,1,-9,-9,-9,-9,0.61,0.08,1,0,-9,0,0,0,0.5,1,0,0.25,1,0,0.4,1,1,0,-9,-9,0,0,0,0,-9,1,0,1,1,1,1,1,0.8,0,1,1,-9,-9,-9,0,0,0,0,0
811,2002,Cambodia 55-NA,Cambodia,1,0.5,0.8,-9,1,1,-9,0.66,0,-9,1,1,0,0,0,0.5,0.63,0.71,1,1,1,1,0,0,1,-9,-9,-9,-9,0.63,0.08,1,0,-9,0,0,0,0.5,1,0,0.25,1,0,0.4,1,1,0,-9,-9,0,0,0,0,1,0,1,1,0,1,0,1,0.8,0,1,1,-9,-9,-9,0,0,0,0,0
811,2003,Cambodia 55-NA,Cambodia,1,0.5,0.8,-9,1,1,1,0.66,0,0,1,1,0,0,0,0.5,0.50,0.43,1,1,1,1,0,0,1,0.75,0.5,0,1,0.63,0.08,1,0,1,0,0,0,0.5,1,0,0.25,1,0,0.4,1,1,0,1,1,0,0,0,0,0,0,0,1,1,0,-9,0,0.8,0,1,1,-9,1,0,0,0,0,0,0
811,2004,Cambodia 55-NA,Cambodia,1,0.5,0.8,-9,1,1,-9,0.66,0,-9,1,1,0,0,0,0.5,0.50,0.50,0,1,1,1,0,0,1,-9,-9,-9,-9,0.63,0.08,1,0,-9,0,0,0,0.5,1,0,0.25,1,0,0.4,1,1,0,-9,-9,0,0,0,0,1,1,0,1,0,1,1,1,0.8,0,1,1,-9,-9,-9,0,0,0,0,0
811,2005,Cambodia 55-NA,Cambodia,1,0.5,0.8,-9,1,1,-9,0.66,0,-9,1,1,0,0,0,0.5,0.50,0.43,1,1,1,1,1,0,1,-9,-9,-9,-9,0.63,0.08,1,0,-9,0,0,0,0.5,1,0,0.25,1,0,0.4,1,1,0,-9,-9,0,0,0,0,0,1,0,1,0,1,-9,0,0.8,0,1,1,-9,-9,-9,0,0,0,0,0
811,2006,Cambodia 55-NA,Cambodia,1,0.5,0.8,-9,1,1,-9,0.66,0.5,-9,1,1,0,0,0,0.5,0.38,0.64,1,1,1,1,1,0,0,-9,-9,-9,-9,0.63,0.08,1,0,-9,0,0,0,0.5,1,0,0.25,1,0,0.4,1,1,0,-9,-9,0,0,0,0,1,1,0,1,0,1,-9,0,0.8,0,1,1,-9,-9,-9,0,0,0,0,0
811,2007,Cambodia 55-NA,Cambodia,1,0.5,0.8,-9,1,1,-9,0.66,0.5,-9,1,1,0,0,0,0.37,0.25,0.57,1,1,1,1,1,0,0,-9,-9,-9,-9,0.57,0.17,1,0,-9,0,0,0,0.5,1,0,0.25,1,0,0.4,1,1,0,-9,-9,0,0,0,0,1,1,1,1,0,1,0,0,0.66,0,1,1,-9,-9,-9,0,0,0,0,0
811,2008,Cambodia 55-NA,Cambodia,1,0.5,0.8,-9,1,1,1,0.66,0.5,0,1,1,0,0,0,0.5,0.38,0.57,1,1,1,1,0,0,0,0.75,0.5,0,0,0.57,0.17,1,0,1,0,0,0,0.5,1,0,0.25,1,0,0.4,1,1,0,1,1,0,0,0,0,1,0,0,1,0,1,-9,1,0.66,0,1,1,-9,1,0,0,0,0,0,0
811,2009,Cambodia 55-NA,Cambodia,1,0.5,0.8,-9,1,1,-9,0.66,0.5,-9,1,1,0,0,0,0.5,0.38,0.50,1,1,1,1,1,0,0,-9,-9,-9,-9,0.57,0.17,1,0,-9,0,0,0,0.5,1,0,0.25,1,0,0.2,1,1,0,-9,-9,0,0,0,1,0,1,0,0,1,1,1,1,0.66,0,1,1,-9,-9,-9,0,0,0,0,0
811,2010,Cambodia 55-NA,Cambodia,1,0.5,0.8,-9,1,1,-9,0.66,0.5,-9,1,1,0,0,0,0.5,0.50,0.50,1,1,1,1,1,0,0,-9,-9,-9,-9,0.56,0.17,1,0,-9,0,0,0,0.5,1,0,0.25,1,0,0.2,1,1,0,-9,-9,0,0,0,1,1,1,0,1,0,0,0,0,0.66,0,1,1,-9,-9,-9,0,0,0,0,0
811,2011,Cambodia 55-NA,Cambodia,1,0.5,0.8,-9,1,1,-9,0.66,0.5,-9,1,1,0,0,0,0.5,0.50,0.64,1,1,1,1,0,0,0,-9,-9,-9,-9,0.56,0.17,1,0,-9,0,0,0,0.5,1,0,0.25,1,0,0.2,1,1,0,-9,-9,0,0,0,1,1,1,0,1,0,1,0,1,0.66,0,1,1,-9,-9,-9,0,0,0,0,0
811,2012,Cambodia 55-NA,Cambodia,1,0.5,0.8,-9,1,1,-9,0.66,0.5,-9,1,1,0,0,0,0.5,-9,-9,1,1,1,1,1,0,0,-9,-9,-9,-9,0.48,0.42,1,0,-9,0,0,0,0.5,1,0,0.25,0.25,0,0.2,1,1,0,-9,-9,0,0,0,1,1,1,0,1,0,1,1,0,0.75,0,1,1,-9,-9,-9,0,0,0,0,0
811,2013,Cambodia 55-NA,Cambodia,1,0.5,0.8,-9,1,1,1,0.66,0.5,0,1,1,0,0,0,0.5,-9,-9,1,1,1,1,1,0,0,0.75,0.5,0,0,0.46,0.42,1,0,1,0,0,0,0.5,1,0,0.25,0.25,0,0.2,1,1,0,1,1,0,0,0,1,1,1,0,1,0,0,1,0,0.83,0,1,1,-9,1,1,0,0,0,0,0
811,2014,Cambodia 55-NA,Cambodia,1,0.5,0.8,-9,1,1,-9,0.66,0.5,-9,1,1,0,0,0,0.5,-9,-9,1,1,1,1,0,0,0,-9,-9,-9,-9,0.37,0.42,1,0,-9,0,0,0,0.5,1,0,0.25,0.25,0,0.4,1,1,0,-9,-9,0,0,0,1,1,1,0,1,0,1,0,0,0.83,0,1,1,-9,-9,-9,0,0,0,0,0
811,2015,Cambodia 55-NA,Cambodia,1,0.5,0.8,-9,1,1,-9,0.66,0.5,-9,1,1,0,0,0,0.75,-9,-9,1,1,0,1,1,0,0,-9,-9,-9,-9,0.37,0.50,1,0,-9,0,0,0,1,1,1,0.25,0.25,0,0.4,1,1,0,-9,-9,0,0,0,1,0,0,0,1,1,1,-9,0,0.83,0,1,1,-9,-9,-9,0,0,0,0,0
